官網連結,標題,生活提案,大分類,中分類,上刊時間,標籤,關鍵字
/life-proposal/how-to-calculate-house-size,坪數怎麼算？為什麼要算？買房前必懂的1坪大小與坪數計算方式,購屋知識,建築與品牌,建築規劃,2026-08-27,,
/life-proposal/things-to-note-when-viewing-a-house-2,看房注意事項有哪些？預售屋考察指標、挑選原則與簽約保障全攻略,購屋知識,不動產交易,簽約,2026-08-24,,
/life-proposal/expert_law_y-rlee_living-rights,鄰居製造噪音、菸味擾人怎麼辦？「居住安寧權」法律訴訟與舉證攻略,專家觀點,居住與維護,社區管理,2026-08-14,,
/life-proposal/fm2-hunt,碳費、RE100催生綠能擴廠潮！綠電企業卡位遠雄信義CENTER,在地生活,商用不動產,市場與發展,2026-08-10,,
/life-proposal/pre-sale-property,預售屋有哪些優缺點？掌握購屋流程、注意事項，安心規劃成家藍圖,購屋知識,區域環境,基地條件,2026-08-10,,
/life-proposal/expert_zhu_regulations-trap,2026買新房多花數百萬的真相？光電與綠化新制下的產權與維護陷阱,專家觀點,建築與品牌,ESG 與綠建築,2026-07-30,,
/life-proposal/expert_macromicro_market-analysis,升息循環再啟動？解析三大央行與資金行情變局 | 財經M平方觀點,專家觀點,市場與政策,國際市場,2026-07-23,,
/life-proposal/expert_li_stock-housing-cycle,股房雙循環輪動，AI資產配置的新契機｜李同榮觀點,專家觀點,市場與政策,房市趨勢,2026-07-17,,
/life-proposal/expert_law_y-rlee_renovation-fraud,如何對付裝潢詐騙？室內裝修契約必備條款與防範指南,專家觀點,居住與維護,裝潢設計,2026-07-10,,
/life-proposal/5vo1-news_tech-office,北士科商辦聚落核心！「聯上智科」坐落福國路首排，企業卡位科技門戶,在地生活,商用不動產,市場與發展,2026-07-09,,
/life-proposal/expert_zhu_house-purchase-risks,買房別只看所有權！買賣「車位、頂加、露台」的三大法律細節,專家觀點,不動產交易,產權,2026-07-06,,
/life-proposal/pre-sale-house-payment-methods,預售屋付款方式有哪些？要準備多少錢？掌握付款5階段與注意事項,購屋知識,不動產交易,簽約,2026-07-03,,
/life-proposal/expert_peizhen_2026-q2-housing-outlook,2026 年第二季房市展望：股市創新高，房市為何冷清｜劉佩真觀點,專家觀點,市場與政策,房市趨勢,2026-07-01,,
/life-proposal/eh6-news,高科技聚落、五大路網交會，楠梓82期重劃區迎來成熟期價值顛峰,在地生活,區域環境,區域發展,2026-06-26,,
/life-proposal/expert_zhu_video_delay,買賣成屋延後交屋風險高？地政士解密「預告登記」 | 專家觀點地政篇,專家觀點,不動產交易,產權,2026-06-26,,
/life-proposal/expert_zhu_tax-notice,什麼是「預告登記」？延後交屋、節稅產權保障全攻略 | 專家觀點地政篇,專家觀點,不動產交易,產權,2026-06-23,,
/life-proposal/expert_hoshichang_vacancy-rate,空屋率越高房價越跌？揭開台灣房市「愈空愈貴」的暗黑邏輯｜何世昌觀點,專家觀點,市場與政策,房市趨勢,2026-06-11,,
/life-proposal/area_presold-house-in-kaohsiung,跟著輝達看台北新國門：北士科 -- 一場AI產業與平原綠意的宜居提案,在地生活,區域環境,區域發展,2026-06-03,,
/life-proposal/expert_zhu_legal-reserve,【頂客族必看】不生小孩，遺產竟要分給兄弟姊妹？,專家觀點,稅務與繼承,遺產與贈與,2026-05-26,朱智豪,
/life-proposal/expert_zhu_civil-law,民法修法趨勢：親屬繼承篇與遺囑要件修正，財產傳承如何避雷 | 專家觀點地政篇,專家觀點,稅務與繼承,遺產與贈與,2026-05-22,朱智豪,
/life-proposal/area_presold-house-in-taichung,台中預售屋怎麼挑？各區房價、TOP36建案分析，買屋前必看！,在地生活,區域環境,區域發展,2026-05-14,,
/life-proposal/expert_liu_2026-market-high,由2026年第一季觀察台灣商用不動產市場的攻守布局｜劉學龍觀點,專家觀點,商用不動產,市場與發展,2026-05-13,劉學龍,
/life-proposal/expert_law_y-rlee_joint-ownership,夫妻買房登記誰名下？律師詳解「單獨所有」與「共同持有」法律風險 | 永然法律不動產專欄,專家觀點,不動產交易,產權,2026-05-08,永然聯合法律事務所,
/life-proposal/expert_zhu_asset-inheritance,【資產傳承必修課】善用「黃金跨年期」與現金贈與，稅金省很大！,專家觀點,稅務與繼承,遺產與贈與,2026-04-29,朱智豪,
/life-proposal/expert_zhu_inheritance-tax-2026-2,【2026 遺產稅修法】夫妻剩餘財產請求權：最強節稅利器，讓稅金直接對半砍！,專家觀點,稅務與繼承,遺產與贈與,2026-04-29,朱智豪,
/life-proposal/hm2_guishan-ai,龜山 AI 黃金廊道成形｜輝達效應帶動廠辦轉型，遠雄 MetaLink 導入 ESG 共享設計,在地生活,區域環境,區域發展,2026-04-28,,
/life-proposal/expert_li_property-new-era,迎接房市大分化時代—建商經營策略篇｜李同榮觀點,專家觀點,市場與政策,房市趨勢,2026-04-24,李同榮,
/life-proposal/fm3-asset,大新板 AI 產業廊道成形｜地緣政治驅動企業佈局，解析廠辦配置甜蜜點,在地生活,區域環境,區域發展,2026-04-22,,
/life-proposal/expert_peizhen_2026-q1-market,2026首季房市量縮價盤，Nvidia 星艦效應啟動商辦新局｜劉佩真觀點,專家觀點,市場與政策,房市趨勢,2026-04-17,劉佩真,
/life-proposal/expert_macromicro_ai-invest,AI 產業下的投資機會：利潤轉移、能源競賽如何解讀 | 財經M平方觀點,專家觀點,市場與政策,國際市場,2026-04-10,財經M平方,
/life-proposal/expert_law_y-rlee_property-fraud,律師教你防房產詐騙：善用地政三寶 | 永然法律不動產專欄,專家觀點,不動產交易,產權,2026-04-10,永然聯合法律事務所,
/life-proposal/ar1-bstk,AI 產業聚落核心！齊興建設「齊興_緻」插旗北士科純住區,在地生活,區域環境,區域發展,2026-04-09,,
/life-proposal/expert_zhu_inheritance-safe,沒小孩遺產給誰？小心「特留分」讓兄弟姊妹分走房產持分 | 專家觀點地政篇,專家觀點,稅務與繼承,遺產與贈與,2026-04-09,朱智豪,
/life-proposal/expert_zhu_inheritance-tax-2026,【2026遺贈稅修法】資產傳承不踩雷！別讓擬制遺產害你背稅單,專家觀點,稅務與繼承,遺產與贈與,2026-03-20,朱智豪,
/life-proposal/seo_youth-home-loan,新青安貸款全攻略：申請資格、利率比較與流程，買房族必看！,購屋知識,不動產交易,房貸,2026-03-11,,
/life-proposal/expert_macromicro_economy-2026-critical,2026 台灣經濟展望：AI 產業動能、台股趨勢與台幣匯率走勢分析 | 財經M平方觀點,專家觀點,市場與政策,國際市場,2026-03-04,財經M平方,
/life-proposal/expert_hoshichang_tp-office-rent-premium,北市租金倒掛見怪不怪，為何商辦投報仍優於住宅｜何世昌觀點,專家觀點,市場與政策,房市趨勢,2026-02-27,何世昌,
/life-proposal/expert_zhu_pre-sale-house-property-rights,預售屋簽約必看！解析專有與約定專用，避開產權陷阱 | 專家觀點地政篇,專家觀點,不動產交易,產權,2026-02-20,朱智豪,
/life-proposal/expert_peizhen_tod-strategy-2026,房市低迷期的避風港：公辦都更與捷運聯開案的戰略價值｜劉佩真觀點,專家觀點,市場與政策,房市趨勢,2026-02-13,劉佩真,
/life-proposal/expert_liu_tw-commercial-property-2026,2026 商用不動產佈局先機：穩健中求進步，掌握先機｜劉學龍觀點,專家觀點,商用不動產,市場與發展,2026-02-11,劉學龍,
/life-proposal/area_presold-house-in-tainan,台南預售屋全攻略：最新行情、熱門區域房價與建案挑選祕訣,在地生活,區域環境,區域發展,2026-02-06,,
/life-proposal/expert_macromicro_2026-mega-trends,2026 投資佈局：聚焦AI基建、核能、國防、稀土、貴金屬與穩定幣 | 財經M平方觀點,專家觀點,市場與政策,國際市場,2026-02-04,財經M平方,
/life-proposal/housing-transactions,六都交易量比重衝高：從買賣移轉棟數看見房市的弦外之音｜何世昌觀點,專家觀點,市場與政策,房市趨勢,2026-01-28,何世昌,
/life-proposal/kw_brand_construction_20240109,建商怎麼挑？25大優質建商特色、挑選指標介紹，購屋族必看！,購屋知識,建築與品牌,建商品牌,2026-01-27,,
/life-proposal/expert_li_2026-housing-tips,2026年預售市場一針見血的銷售與購買策略｜李同榮觀點,專家觀點,市場與政策,房市趨勢,2026-01-21,李同榮,
/life-proposal/area-s-taichung-11_20220916,漢神巨蛋到位！北屯 11 期坐穩未來新都心 | 建案熱區巡禮,在地生活,區域環境,區域發展,2026-01-19,,
/life-proposal/expert_zhu_mortgage-lien-priority,買房前必查：銀行不會主動告訴你的「抵押權與順位」 | 專家觀點地政篇,專家觀點,不動產交易,產權,2026-01-16,朱智豪,
/life-proposal/area-l-kaohsiung-gusha20200520,高雄鼓山：農十六、美術館特區與富邦新商圈 | 建案熱區巡禮,在地生活,區域環境,生活圈,2026-01-10,,
/life-proposal/expert_law_y-rlee_property-division,共同繼承來的房地產，要如何進行分割呢？ | 永然法律不動產專欄,專家觀點,不動產交易,產權,2026-01-09,永然聯合法律事務所,
/life-proposal/ar1-1,建案熱區巡禮：準珍稀保值性，高資產族低調買進軟橋段,在地生活,區域環境,區域發展,2026-01-09,,
/life-proposal/fm1-1,漲幅王遠東Tpark！企業需求外溢鄰近新廠有望看漲,在地生活,區域環境,區域發展,2026-01-07,,
/life-proposal/expert_peizhen_real-estate-2026,2025房市回顧與2026盤整展望：政策與市場趨勢解析｜劉佩真觀點,專家觀點,市場與政策,房市趨勢,2026-01-02,劉佩真,
/life-proposal/expert_zhu_video_buy-vs-gift,[影音] 房產傳承案例解析：買賣與贈與的差別、實務操作與法律風險,專家觀點,稅務與繼承,節稅,2025-12-31,朱智豪,
/life-proposal/expert_macromicro_stablecoin,全球貨幣戰：穩定幣的發展與投資機會 | 財經M平方觀點,專家觀點,市場與政策,國際市場,2025-12-24,財經M平方,
/life-proposal/expert_peizhen_science-park-housing,[影音] 科學園區帶動房市新熱潮：竹科、中科、南科的投資分析｜劉佩真觀點,專家觀點,市場與政策,房市趨勢,2025-12-19,劉佩真,
/life-proposal/expert_zhu_false-renovation-traps,賣房想省稅？別踩房地合一稅虛報裝修陷阱 | 專家觀點地政篇,專家觀點,稅務與繼承,稅務,2025-12-19,朱智豪,
/life-proposal/expert_peizhen_southern-taiwan,南台灣產業轉型如何改變房市？影響面向與市場趨勢解析｜劉佩真觀點,專家觀點,市場與政策,房市趨勢,2025-12-12,劉佩真,
/life-proposal/metalink-ai-hub,輝達超微進駐遠雄自貿港，遠雄MetaLink廠辦受惠廊帶效應,在地生活,區域環境,區域發展,2025-12-11,,
/life-proposal/expert_law_y-rlee_nominee-inheritance,借名登記的房地產，也可以作為遺產分割的標的嗎？ | 永然法律不動產專欄,專家觀點,稅務與繼承,遺產與贈與,2025-12-05,永然聯合法律事務所,
/life-proposal/expert_hoshichang_bstk-nvidia,[影音] 北士科潛力揭密：輝達進駐引爆房市三大變革｜何世昌觀點,專家觀點,市場與政策,房市趨勢,2025-12-02,何世昌,
/life-proposal/expert_zhu_video_trust,[影音] 信託與產權設計術：資產管理、遺囑信託與節稅技巧｜專家觀點地政篇,專家觀點,稅務與繼承,節稅,2025-11-27,朱智豪,
/life-proposal/expert_hoshichang_south-potential,2025年南台灣房市潛力區域專題報導 - 10大優質投資區域分析｜何世昌觀點,專家觀點,市場與政策,房市趨勢,2025-11-26,何世昌,
/life-proposal/nvidia-beishi-office,輝達落腳時程出爐，北士科商辦掀全球卡位戰,在地生活,區域環境,區域發展,2025-11-21,,
/life-proposal/expert_peizhen_semiconductor_video,[影音] 半導體業近期投資趨勢將如何影響國內商用不動產的表現｜劉佩真觀點,專家觀點,商用不動產,市場與發展,2025-11-14,劉佩真,
/life-proposal/expert_zhu_ownership-criteria,自用住宅免稅400萬怎麼申請？「持有、設籍、實住」3點不能忽略 | 專家觀點地政篇,專家觀點,稅務與繼承,稅務,2025-11-14,朱智豪,
/life-proposal/area_taoyuan_guishan_a7_function,龜山A7重劃區成北北桃生活圈潛力新核心 | 建案熱區巡禮,在地生活,區域環境,區域發展,2025-11-11,,
/life-proposal/expert_zhu_taiwan-land-scam,[影音] 地面師詐騙實例解析 - 三招防止房產被冒名過戶！,專家觀點,不動產交易,產權,2025-10-29,朱智豪、不動產詐騙、地籍異動、不動產繼承,
/life-proposal/expert_macromicro_global-bond-yields,全球超長債殖利率飆升：結構性壓力與長短期解方全解析,專家觀點,市場與政策,國際市場,2025-10-29,財經M平方、製造業、生產力循環、降息、地緣政治、貿易戰、超高齡社會、長期照護,
/life-proposal/fg-esg-strategy-2025,遠雄建設榮獲《網路口碑之星》ESG策略卓越獎，以AI與循環經濟引領永續新標竿,安心生活,建築與品牌,建商品牌,2025-10-27,,
/life-proposal/expert_hoshichang_central-potential,何世昌觀點：2025年中台灣房市潛力區域專題報導 -10大優質投資區域分析,專家觀點,市場與政策,房市趨勢,2025-10-24,何世昌、七期、十四期、水湳經貿園區、台中市、重劃區,
/life-proposal/expert_liu_commercial-2025q3,劉學龍觀點：2025年第三季房地產趨勢 - 商用不動產市場的穩與土地市場的冷,專家觀點,商用不動產,市場與發展,2025-10-22,劉學龍、土地交易、AI產業、半導體、聯準會、製造業、商用不動產,
/life-proposal/expert_li_housing-challenges-2026,李同榮觀點：2026年房地產市場將面臨八大考驗,專家觀點,市場與政策,房市趨勢,2025-10-21,李同榮、六都交易量、製造業、房價走勢、地緣政治、選擇性信用管制、房市反轉、2026房市趨勢,
/life-proposal/expert_peizhen_2025q3review,劉佩真觀點：2025年第三季房市觀測--政策觀望期延續，市場靜待轉折契機,專家觀點,市場與政策,房市趨勢,2025-10-17,劉佩真、房價走勢、2025房市趨勢、選擇性信用管制、關稅政策、房貸緊縮、六都交易量、商用不動產、土地交易、新青安,
/life-proposal/avoid-real-estate-fraud,專家觀點地政篇：買房必讀 - 避免不動產詐騙｜如何避免成為房貸人頭？,專家觀點,不動產交易,產權,2025-10-15,朱智豪、土地交易、抵押權、不動產詐騙,
/life-proposal/expert_peizhen_ai-housing-trend,劉佩真觀點：AI科技宅當道！台灣半導體聚落帶動房市,專家觀點,市場與政策,房市趨勢,2025-10-08,劉佩真、半導體、北士科、AI產業、南科、2025房市趨勢、台積電,
/life-proposal/expert_law_y-rlee_co-buying,永然法律不動產專欄：未婚情侶合資買房在法律上要注意什麼？,專家觀點,不動產交易,產權,2025-10-03,永然聯合法律事務所、首購、房貸、預告登記、剩餘財產分配、權狀,
/life-proposal/expert_macromicro_25q2-financial-statements,25Q2 美股財報-深度拆解半導體龍頭與 AI 趨勢,專家觀點,市場與政策,國際市場,2025-10-02,財經M平方、半導體、AI產業、財報、關稅政策,
/life-proposal/expert_hoshichang_northern-potential,何世昌觀點：2025年北台灣房市潛力區域專題報導-10大優質投資區域分析,專家觀點,市場與政策,房市趨勢,2025-09-26,何世昌、北士科、遠東通訊園區,
/life-proposal/area-l-taoyuan-guishan,建案熱區巡禮：桃園龜山重大建設帶動發展利多,在地生活,區域環境,區域發展,2025-09-26,桃園市、交通機能、重大建設、交通建設、龜山區,
/life-proposal/expert_zhu_fake-marriage-law,[影音] 專家觀點地政篇：假結婚與房產繼承 - 五億遺產的法律爭奪戰,專家觀點,稅務與繼承,遺產與贈與,2025-09-24,朱智豪、自書遺囑、不動產繼承、繼承登記,
/life-proposal/expert_zhu_expert_zhu_land-agent_20250917,專家觀點地政篇：防範代書詐騙，如何查詢地政士的合法性？,專家觀點,不動產交易,產權,2025-09-17,朱智豪、地政事務、不動產詐騙,
/insights/post/trend_market-07,建案熱區巡禮：北士科爆840億商辦案量，搶攻輝達、金仁寶供應鏈需求,在地生活,區域環境,區域發展,2025-09-15,科技業、供應鏈、實價登錄、半導體、北士科、AI產業,
/life-proposal/expert_peizhen_oee_2025h2,[影音] 劉佩真觀點：從總體經營環境來看2025下半年住宅與商用市場最新動態,專家觀點,市場與政策,房市趨勢,2025-09-12,劉佩真、房貸緊縮、半導體、商用不動產、土地交易、選擇性信用管制,
/life-proposal/area_txg_beitun_14th_function_20250829,漢神、巨蛋雙引擎，北台中新核心北屯14期| 建案熱區巡禮,在地生活,區域環境,區域發展,2025-09-03,生活機能、北屯區、十四期、百貨商場、台中市、重劃區,
/life-proposal/expert_shuangbei_20250822,何世昌觀點：三大因素驅動，雙北市房價「蛋花湯」現象成為現在進行式,專家觀點,市場與政策,房市趨勢,2025-08-29,何世昌、板橋區、房價走勢、台北市、新北市、中和區、北士科,
/life-proposal/expert_zhu_area-discrepancy_20250827,[影音] 買房後發現實際面積比權狀縮水，該找誰求償?,專家觀點,不動產交易,產權,2025-08-27,朱智豪、地政事務、權狀,
/life-proposal/expert_housing-market_20250820,[影音] 專家看2025年上半年預售屋市場 : 四大現象觀察,專家觀點,市場與政策,房市趨勢,2025-08-20,何世昌、預售屋、建商品牌,
/life-proposal/expert_macromicro_mfg-h2_20250820,財經M平方觀點：關稅搶出口潮退去後，2025下半年製造業還有支撐嗎？,專家觀點,市場與政策,房市趨勢,2025-08-20,財經M平方、半導體、製造業、PMI、關稅政策、貿易戰,
/life-proposal/expert_zhu_land-deal_20250813,專家觀點地政篇：邱澤不動產傳聞揭秘，實價登錄與容積移轉的真相,專家觀點,不動產交易,產權,2025-08-13,朱智豪、實價登入、土地公告現值、土地交易,
/life-proposal/expert_peizhen_office-rental_20250805,劉佩真觀點：辦公室租賃將告別房東市場，然企業升級需求為重點,專家觀點,商用不動產,市場與發展,2025-08-05,劉佩真、空置率、ESG目標、綠建築、商用不動產、辦公室租賃市場、綠色租賃,
/life-proposal/expert_hoshichang_video_property_price_20250801,[影音] 台灣房價為何跌不下來？看懂房市「抗跌力」,專家觀點,市場與政策,房市趨勢,2025-08-01,何世昌、房地合一稅、房價、房市循環、選擇性信用管制、2025房市趨勢、房價指數、房市反轉、新建案市場,
/life-proposal/expert_macromicro_2025econ_20250730,財經M平方觀點：2025 下半年台灣經濟怎麼走？台股、台幣一次解析,專家觀點,市場與政策,房市趨勢,2025-07-30,財經M平方、AI產業、消費性電子、股市走勢、關稅政策、總經趨勢、半導體、製造業,
/life-proposal/expert_thinktank_nvidia_20250729,何世昌觀點：輝達總部確立，房市受惠區在哪裡？,專家觀點,市場與政策,房市趨勢,2025-07-29,何世昌、AI產業、科技業、台南市、高雄市、北投士林科技園區、北士科,
/life-proposal/expert_zhu_tactic-tax-count_vedio_20250725,[影音] 豪宅稅跟你也有關係：屋主的策略與應對方式,專家觀點,稅務與繼承,稅務,2025-07-25,朱智豪、賦稅、土地增值稅、財產稅、國稅局、豪宅稅、自用住宅,
/life-proposal/expert_liu_commercial_2025h2_20250725,劉學龍觀點：全球局勢到本地市場，2025下半年商用不動產市場的風與浪,專家觀點,商用不動產,市場與發展,2025-07-25,劉學龍、半導體、製造業、商用不動產、地緣政治,
/life-proposal/expert_li_ai-projects_20250715,李同榮觀點：Al新十大建設對未來房市的具體影響,專家觀點,市場與政策,房市趨勢,2025-07-15,李同榮、房地產市場、房產趨勢、半導體、科學園區、北投士林科技園區、北士科、南科、2025房市趨勢,
/life-proposal/expert_peizhen_property-2025q2_20250707,劉佩真觀點：2025年第二季房市觀測 - 關稅、打炒房持續等利空，Q3房市景氣還有機會回升嗎？,專家觀點,市場與政策,房市趨勢,2025-07-07,劉佩真、選擇性信用管制、定型化簽約、房貸緊縮、房地產市場、買賣移轉棟數、半導體、土地交易、商用不動產,
/life-proposal/expert_law_y-rlee_retention-money_20250704,永然法律不動產專欄：預售屋買賣簽約中的交屋保留款與建材設備約定,專家觀點,不動產交易,簽約,2025-07-04,永然聯合法律事務所、買屋流程、簽約、定型化簽約,
/life-proposal/expert_zhu_inherit-siblings_20250704,專家觀點地政篇：繼承房產兄弟姊妹吵翻天？遺囑、登記與分配機制一次講清楚,專家觀點,稅務與繼承,遺產與贈與,2025-07-04,朱智豪、稅賦、遺產稅、繼承登記、除戶、國稅局、繼承程序,
/life-proposal/expert_tsmc-housing_20250703,何世昌觀點：擴大赴美投資成定局，台積宅還能買嗎？,專家觀點,市場與政策,房市趨勢,2025-07-03,何世昌、置產、台南市、AI 產業、南科、產業投資、台積電,
/life-proposal/expert_zhu_mansion-tax-count_vedio_20250625,[影音] 豪宅稅跟你也有關係：有房族注意！影響與計算不可不知,專家觀點,稅務與繼承,稅務,2025-06-25,朱智豪、房屋稅、所得稅、房地合一稅、豪宅稅,
/life-proposal/expert_zhu_eht_20250625,專家觀點地政篇：空屋稅的真相？房子閒置前你該考慮的事,專家觀點,稅務與繼承,稅務,2025-06-20,朱智豪、住宅政策、公益出租、自住、稅賦、囤房稅、空屋稅,
/life-proposal/expert_macromicro_fomc2025_20250618,財經M平方觀點：美國 Q1 GDP 季增年率翻負！對等關稅下經濟怎麼走？,專家觀點,市場與政策,國際市場,2025-06-18,財經M平方、GDP、美國經濟、CPI 年增率、關稅政策、經濟衰退、通膨、聯準會,
/life-proposal/area-kaohsiung-nanzi_nuk_pet-cafe_20250613,楠梓高大特區寵物友善地點推薦：必訪5家餐廳＋3大寵物同樂好去處,在地生活,區域環境,生活圈,2025-06-13,高雄市、楠梓區、高大特區、重劃區、生活機能、公園綠地,
/life-proposal/expert_law_y-rlee_contract_20250613,永然法律不動產專欄：預售屋買賣簽約簽約時應注意「簽約審閱期」,專家觀點,不動產交易,簽約,2025-06-13,永然聯合法律事務所、買屋流程、簽約、預售屋、定型化簽約,
/life-proposal/area-kaohsiung-nanzi_nuk_pet-walk_20250606,高雄楠梓區高大特區寵物友善景點散步趣：與毛孩共享綠意生活,在地生活,區域環境,生活圈,2025-06-06,高雄市、楠梓區、高大特區、重劃區、生活機能、公園綠地,
/life-proposal/expert_peizhen_commercial_nvidia_20250603,劉佩真觀點：輝達黃仁勳旋風對於台灣房市帶來的正面效應,專家觀點,市場與政策,房市趨勢,2025-06-03,劉佩真、科學園區、北投士林科技園區、北士科、AI 產業、士林區、北投區、半導體、製造業、商用不動產,
/life-proposal/expert_macromicro_tariffs-to-asia_20250528,財經M平方觀點：對等關稅下，新興亞洲將面臨哪些挑戰？,專家觀點,市場與政策,國際市場,2025-05-28,財經M平方、新興市場、東協、地緣政治、關稅政策、半導體,
/life-proposal/expert_zhu_mansion-tax-definition_vedio_20250523,[影音] 豪宅稅跟你也有關係：有房族注意！2025豪宅稅新門檻上路,專家觀點,稅務與繼承,稅務,2025-05-23,朱智豪、不動產繼承、節稅、所得稅、房地合一稅、限貸令、豪宅稅,
/life-proposal/area-tainan_west-central_redevelop_diamond_traffic_20250523,建案熱區巡禮：蛻變中的台南中西區運河星鑽特區 - 交通篇,在地生活,區域環境,生活圈,2025-05-23,台南市、中西區、運河星鑽特區、重劃區、未來發展、重大建設、交通機能、交通便捷,
/life-proposal/area-tainan_west-central_redevelop_diamond_school_20250516,建案熱區巡禮：台南中西區運河星鑽特區 - 學區篇,在地生活,區域環境,生活圈,2025-05-16,台南市、中西區、運河星鑽特區、重劃區、明星學區,
/life-proposal/expert_hoshichang_property_q1-review_20250514,何世昌觀點：首季房市開低走揚，房價進入大亂鬥盤整格局,專家觀點,市場與政策,房市趨勢,2025-05-14,何世昌、打房、房產趨勢、房價、2025房市趨勢、住宅、商廠辦,
/life-proposal/expert_peizhen_commercial_elderly-residence_20250509,劉佩真觀點：銀髮住宅可望成為台灣房地產市場的新藍海,專家觀點,市場與政策,房市趨勢,2025-05-09,劉佩真、青銀共居、養生村、銀髮住宅、超高齡社會、長期照護,
/life-proposal/area-tainan_west-central_redevelop_diamond_park_20250509,建案熱區巡禮：台南中西區運河星鑽特區 - 綠地休憩篇,在地生活,區域環境,生活圈,2025-05-09,台南市、中西區、運河星鑽特區、重劃區、公園綠地,
/life-proposal/expert_zhu_gift-and-estate-tax_20250509,專家觀點地政篇：生前贈與還是繳遺產稅，哪個比較划算？結果可能超乎你的想像,專家觀點,市場與政策,房市趨勢,2025-05-07,朱智豪、擬制遺產、生前贈與、配偶贈與、遺產稅、贈與稅,
/life-proposal/area-s-tainan_west-central_redevelop_diamond_20250502,建案熱區巡禮：台南中西區運河星鑽特區生活圈 - 百年港町再出發的現代風華,在地生活,區域環境,區域發展,2025-05-02,台南市、中西區、運河星鑽特區、重劃區、生活機能、未來發展,
/life-proposal/expert_macromicro_precious-metals_20250430,財經M平方觀點：對等關稅引發全球市場動盪 貴金屬適合投資嗎？,專家觀點,市場與政策,國際市場,2025-04-30,財經M平方、貨幣政策、資產配置、地緣政治、關稅政策、貴金屬、通膨,
/life-proposal/expert_zhu_multiple-inheriting_vedio_20250423,[影音] 專家觀點地政篇：連續繼承房產出售節稅有術,專家觀點,稅務與繼承,稅務,2025-04-29,朱智豪、房貸、節稅、房地合一稅、自用住宅,
/life-proposal/area-s-tainan_west-central_diamond_20250425,建案熱區巡禮：台南中西區運河星鑽特區，重塑台南的歷史與現代風貌,在地生活,區域環境,區域發展,2025-04-25,台南市、中西區、運河星鑽特區、重劃區、生活機能、交通機能、醫療機構、公園綠地、未來發展、重大建設,
/life-proposal/expert_law_y-rlee_builder2_20250425,永然法律不動產專欄：購買預售屋如何選擇好的建商？(下集),專家觀點,不動產交易,簽約,2025-04-25,永然聯合法律事務所、建商、保固、預售屋、建商品牌、公共設施、財務能力、交屋品質,
/life-proposal/area-s-tph_banqiao_tpark_school_20250421,建案熱區巡禮：新北板橋區Tpark科技特區 (遠東通訊園區) - 學區篇,在地生活,區域環境,生活圈,2025-04-21,新北市、板橋區、遠東通訊園區、重劃區、生活機能、明星學區,
/life-proposal/yongkang,建案熱區巡禮：台南永康產業交通齊發光，宜居現在進行式！,在地生活,區域環境,區域發展,2025-04-18,台南市、永康區、價格漲幅、住宅,
/life-proposal/expert_peizhen_property-2025q1_20250418,劉佩真觀點：2025年第一季房市觀測 - 政策與銀行管制未鬆綁，短期國內房市陷入調整期,專家觀點,市場與政策,房市趨勢,2025-04-18,劉佩真、房貸緊縮、打房、小宅、土地交易、商用不動產、選擇性信用管制,
/life-proposal/expert_liu_commercial_2025global_20250418,劉學龍觀點：從2025年全球局勢來看台灣商用不動產投資動能,專家觀點,商用不動產,市場與發展,2025-04-18,劉學龍、半導體、製造業、商用不動產、地緣政治、關稅政策,
/life-proposal/area-s-tph_banqiao_tpark_park_20250411,建案熱區巡禮：新北板橋區Tpark科技特區 (遠東通訊園區) - 綠地休憩篇,在地生活,區域環境,生活圈,2025-04-11,新北市、板橋區、遠東通訊園區、重劃區、生活機能、公園綠地,
/life-proposal/expert_zhu_file-taxes_20250409,專家觀點地政篇：五月報稅稅法修正重點整理,專家觀點,市場與政策,房市趨勢,2025-04-09,朱智豪、贈與稅、財產稅、所得稅、免稅額、豪宅稅、扣除額、房屋稅、遺產稅,
/life-proposal/expert_li_homeowners_20250410,李同榮觀點：2025自住首購族擇屋八大法則,專家觀點,市場與政策,房市趨勢,2025-04-09,李同榮、房地產市場、預售屋、房產趨勢、購屋重點、通膨、建商品牌,
/life-proposal/area-l-taichung-beitun20220520,建案熱區巡禮：北屯區台中首購最愛，喧鬧中的一隅悠閒,在地生活,區域環境,區域發展,2025-04-08,台中市、北屯區、重大建設、產業進駐、生活機能、交通機能,
/life-proposal/expert_peizhen_commercial_capitalist-development_20250402,劉佩真觀點：國內六大區域治理計畫，牽動區域商用不動產的發展,專家觀點,商用不動產,市場與發展,2025-04-02,劉佩真、產業生態系、交通機能、半導體、商用不動產、AI 產業、區域發展計畫,
/life-proposal/expert_hoshichang_property_south-prices_20250404,何世昌觀點：全台房市「蛋花湯效應」解密 - 南二都房價的變遷,專家觀點,市場與政策,房市趨勢,2025-04-02,何世昌、台南市、高雄市、交通機能、科學園區、房價走勢、房市反轉、產業投資,
/life-proposal/area-l-tainan-west-central_20250402,建案熱區巡禮：台南中西區 – 文化交融與現代發展並進,在地生活,區域環境,區域發展,2025-04-02,台南市、中西區、重劃區、交通建設、未來發展、重大建設,
/life-proposal/expert_law_y-rlee_builder1_20250324,永然法律不動產專欄：購買預售屋如何選擇好的建商？(上集),專家觀點,不動產交易,簽約,2025-03-24,永然聯合法律事務所、建商、保固、預售屋、建商品牌、公共設施、財務能力,
/life-proposal/area-s-tph_banqiao_tpark_traffic_20250321,建案熱區巡禮：新北板橋區Tpark科技特區 (遠東通訊園區) - 交通篇,在地生活,區域環境,生活圈,2025-03-22,新北市、板橋區、遠東通訊園區、重劃區、生活機能、交通機能,
/life-proposal/expert_zhu_second-degree_20250321,專家觀點地政篇：親屬間不動產交易的稅務優化策略與案例解析,專家觀點,稅務與繼承,稅務,2025-03-21,朱智豪、實價登錄、交屋流程、節稅、贈與稅、二親等、支付證明,
/life-proposal/expert_macromicro_financial-statements_20250318,財經M平方觀點：資本支出會太高嗎？一文解析 24Q4 科技巨頭財報,專家觀點,市場與政策,國際市場,2025-03-18,財經M平方、AI 產業、財報、資本支出、營收表現、DeepSeek、毛利率,
/life-proposal/area-s-tph_banqiao_tpark_function_20250314,建案熱區巡禮：新北板橋區Tpark科技特區 (遠東通訊園區)生活圈,在地生活,區域環境,生活圈,2025-03-14,新北市、板橋區、遠東通訊園區、重劃區、生活機能,
/life-proposal/expert_zhu_property_terminate_vedio_20250313,[影音] 專家觀點地政篇：限貸令下交屋解約問題,專家觀點,不動產交易,簽約,2025-03-12,朱智豪、預售屋、成屋、限貸令、貸款成數、定型化簽約、解約條款,
/life-proposal/area-kaohsiung-nanzi_nuk_traffic_20250307,建案熱區巡禮：高雄楠梓區高大特區 - 交通篇,在地生活,區域環境,生活圈,2025-03-07,高雄市、楠梓區、高大特區、重劃區、生活機能、交通機能,
/life-proposal/expert_hoshichang_property_market_20250307,何世昌觀點：山雨欲來風滿樓，房市反轉時刻已降臨？,專家觀點,市場與政策,房市趨勢,2025-03-06,何世昌、房價、房市循環、選擇性信用管制、2025房市趨勢、房價指數、房市反轉、空頭市場、新建案市場,
/life-proposal/area-kaohsiung-nanzi_nuk_school_20250225,建案熱區巡禮：高雄楠梓區高大特區 - 學區篇,在地生活,區域環境,生活圈,2025-02-27,高雄市、重劃區、生活機能、明星學校、楠梓區、高大特區,
/life-proposal/expert_zhu_loan-restriction2_20250219,專家觀點地政篇：限貸令對各族群影響 (下) 首購、換屋、繼承族群影響為何?,專家觀點,市場與政策,政策法規,2025-02-19,朱智豪、新青安、青年貸款、限貸令、繼承程序、貸款成數,
/life-proposal/area-kaohsiung-nanzi_nuk_function_20250211,建案熱區巡禮：高雄楠梓區高大特區 - 綠地休憩篇,在地生活,區域環境,生活圈,2025-02-18,高雄市、重劃區、生活機能、公園綠地、楠梓區、高大特區,
/life-proposal/expert_macromicro_tariff_20250218,財經M平方觀點：貿易戰開打！關稅壁壘會帶來甚麼影響？,專家觀點,市場與政策,國際市場,2025-02-18,財經M平方、半導體、製造業、川普行政命令、關稅政策、中國關稅、貿易戰、台灣晶片產業、科技戰、中國報復性關稅,
/life-proposal/expert_liu_commercial_2025trend_20250115,劉學龍觀點：2025年的商用不動產投資開發潛力聚焦工業,專家觀點,商用不動產,市場與發展,2025-02-15,劉學龍、半導體、製造業、商辦、廠辦、商用不動產、經濟成長率、土地交易、AI 產業,
/life-proposal/expert_li_7th-cycle_20250114,李同榮觀點：2025房市下跌趨勢中，預售屋進場全攻略,專家觀點,市場與政策,房市趨勢,2025-02-14,李同榮、房地產市場、預售屋、房產趨勢、購屋重點、2025房市趨勢、建商品牌,
/life-proposal/expert_zhu_property_loan-ratio-exception_vedio_20250214,[影音] 專家觀點地政篇：限貸令風暴有解嗎 - 限貸令例外狀況,專家觀點,市場與政策,政策法規,2025-02-13,朱智豪、新青安、青年貸款、限貸令、繼承程序、貸款成數,
/life-proposal/expert_macromicro_housing_2025view_20250205,財經M平方觀點：進入 2025 年如何展望台灣房市，央行信用管制效果還在?,專家觀點,市場與政策,房市趨勢,2025-02-04,財經M平方、房地產市場、預售屋、打房、財經M平方、房市供給、限貸令、選擇性信用管制、2025房市趨勢、房價指數,
/life-proposal/expert_peizhen_commercial_tec-wins_20250205,劉佩真觀點：科技業制壓傳產，為商用不動產自用買盤主要驅動力,專家觀點,商用不動產,市場與發展,2025-02-04,劉佩真、半導體、製造業、商用不動產、科學園區、AI 產業、科技業,
/life-proposal/area-l-kaohsiung-nanzi_20250121,建案熱區巡禮：高雄楠梓區 - 從工業重鎮到經濟新引擎的崛起,在地生活,區域環境,區域發展,2025-01-21,重大建設、產業進駐、高雄市、交通機能、未來發展、楠梓區,
/life-proposal/expert_zhu_property_loan-ratio_vedio_20250131,[影音] 專家觀點地政篇：購屋族如何解套？！限貸令成數如何突破,專家觀點,不動產交易,簽約,2025-01-20,朱智豪、限貸令、選擇性信用管制、銀行法、科目四、貸款成數、壽險貸款,
/life-proposal/expert_macromicro_china-economic_20250120,財經M平方觀點：2025 年中國經濟關鍵議題分析,專家觀點,市場與政策,國際市場,2025-01-20,財經M平方、中國股市、供應鏈移轉、中國市場、科技禁令、通縮螺旋、滬深 300、地緣風險,
/life-proposal/area-l-hsinchu-east20240110,建案熱區巡禮：新竹市東區 - 以科技驅動的繁榮未來,在地生活,區域環境,區域發展,2025-01-10,新竹市、重劃區、交通機能、未來發展、新竹市東區,
/life-proposal/expert_zhu_loan-restriction_20250110,專家觀點地政篇：限貸令對各族群影響 (上) 選擇性信用管制解析與問題點,專家觀點,市場與政策,政策法規,2025-01-10,朱智豪、稅賦、限貸令、國稅局、寬限期、選擇性信用管制,
/life-proposal/expert_peizhen_2024review_20250107,劉佩真觀點：2024年房市為前高後低態勢、2025年將進入調整階段,專家觀點,市場與政策,房市趨勢,2025-01-07,劉佩真、房地產市場、房產趨勢、新青安、AI 產業、住宅市場、2025房市趨勢、2024房市回顧,
/life-proposal/area-txg-7th_traffic_20250103,建案熱區巡禮：台中西屯區七期重劃區 - 交通篇,在地生活,區域環境,生活圈,2025-01-03,台中市、重劃區、交通機能、西屯區、七期,
/life-proposal/expert_zhu_statute-of-distribution_20241225,[影音] 不動產繼承全攻略 - 遺產分配的眉角,專家觀點,稅務與繼承,稅務,2024-12-25,朱智豪、遺產稅、繼承登記、繼承程序、自書遺囑、特留分、公證遺囑,
/life-proposal/expert_zhu_property_offset-2_20241220,專家觀點地政篇：只有不動產怎麼繳遺產稅？實物抵繳是否划算？,專家觀點,稅務與繼承,稅務,2024-12-20,朱智豪、稅賦、遺產稅、繼承登記、國稅局、繼承程序、實物抵繳,
/life-proposal/emerging-markets_20241217,財經M平方觀點：新興市場韌性差異加劇，2025年怎麼走,專家觀點,市場與政策,國際市場,2024-12-17,財經M平方、製造業、CPI 年增率、新興市場、東協、國際油價、地緣政治、供應鏈移轉,
/life-proposal/expert_peizhen_2024-land-deal_20241213,劉佩真觀點：開發商與科技業為2024年國內土地交易推升的主力,專家觀點,商用不動產,市場與發展,2024-12-13,劉佩真、製造業、土地交易、科技業、工業用地、台商回台獎勵,
/life-proposal/expert_zhu_property_inheritance-1_vedio_20241128,[影音] 不動產繼承全攻略 - 繼承登記申請應注意事項,專家觀點,商用不動產,市場與發展,2024-11-29,朱智豪、繼承登記、除戶、國稅局、繼承程序、遺產稅、專家觀點、朱智豪,
/life-proposal/expert_zhu_property_offset-1_20241125,專家觀點地政篇：不夠現金繳遺產稅怎麼辦？ 分期或延期繳納申請,專家觀點,稅務與繼承,稅務,2024-11-25,朱智豪、稅賦、遺產稅、繼承登記、除戶、國稅局、繼承程序,
/life-proposal/expert_macromicro_golden_20241119,財經M平方觀點：降息了黃金一定會漲嗎？探討未來黃金走勢,專家觀點,市場與政策,國際市場,2024-11-19,財經M平方、聯準會、貨幣政策、降息、金價漲跌、央行購金、去美元化,
/life-proposal/expert_macromicro_housing_2024q3_20241106,財經M平方觀點：全台Q3房價創高，但後續房市將變天？,專家觀點,市場與政策,房市趨勢,2024-11-08,財經M平方、2024房市趨勢、新青安、限貸令、首購、房地產市場、房貸、打房、房市供給,
/life-proposal/expert_li_7th-cycle_20241101,李同榮觀點：下一波第七循環房市的七大主力市場,專家觀點,市場與政策,房市趨勢,2024-11-01,李同榮、房地產市場、六都交易量、買賣移轉棟數、房產趨勢、房市循環、成屋量縮,
/life-proposal/expert_zhu_property_divide_gifttax2_20241024,專家觀點地政篇：不動產贈與要注意什麼？配偶跟子女，分產稅制大不同,專家觀點,稅務與繼承,遺產與贈與,2024-10-31,朱智豪、稅賦、遺產稅、贈與稅、房地合一稅、繼承登記、國稅局、股權移轉,
/life-proposal/expert_zhu_property_law2_vedio_20241031,[影音] 實價登錄全面攻略- 不動產交易查詢藏在細節裡,專家觀點,不動產交易,簽約,2024-10-31,朱智豪、政策、實價登入,
/life-proposal/expert_macromicro_cut-interest-rates_20241030,財經M平方觀點：降息循環啟動！未來該如何調整資產配置？,專家觀點,市場與政策,國際市場,2024-10-30,財經M平方、聯準會、貨幣政策、降息、歐洲央行、資產配置,
/life-proposal/expert_liu_commercial_monetary_20241009,劉學龍觀點：貨幣緊縮氛圍下，不動產市場會如何變化？,專家觀點,商用不動產,市場與發展,2024-10-09,劉學龍、商廠辦、房貸、土地交易、商用不動產、土地交易,
/life-proposal/expert_peizhen_commercial_ai-tec_20241003,劉佩真觀點：台灣AI科技供應鏈處全球制高點  拉抬相關地產表現,專家觀點,商用不動產,市場與發展,2024-10-03,劉佩真、半導體、製造業、商用不動產、科學園區、AI 產業、南科,
/life-proposal/expert_peizhen_2024q3review_20241001,劉佩真觀點：2024年第三季房市觀測-商用不動產、住宅市況兩樣情，呈現強弱分明態勢,專家觀點,市場與政策,房市趨勢,2024-10-01,劉佩真、房地產市場、六都交易量、買賣移轉棟數、房產趨勢、2024房市趨勢、新青安,
/life-proposal/expert_zhu_property_law_vedio_20240930,[影音] 實價登錄全面攻略-帶你看懂現行法令重點與罰則,專家觀點,市場與政策,政策法規,2024-09-30,朱智豪、政策、實價登入,
/life-proposal/expert_zhu_property_divide_gifttax_20240930,專家觀點地政篇：分產用贈與方式怎麼節稅？不動產贈與要注意什麼 (上),專家觀點,稅務與繼承,遺產與贈與,2024-09-30,朱智豪、稅賦、贈與稅、房地合一稅、繼承登記、國稅局,
/life-proposal/expert_macromicro_mec_us-selection_20240927,財經M平方觀點：川賀政策面面觀，政策將如何影響總經？,專家觀點,市場與政策,國際市場,2024-09-27,財經M平方、房市政策、醫療保健、能源政策、移民政策,
/life-proposal/expert_ken_topics_commerical_market_20240925,【商用不動產講堂】廠辦市場與資產配置,專家觀點,商用不動產,市場與發展,2024-09-25,房地產市場、商廠辦、商辦、廠辦、商用不動產,
/life-proposal/area_txg_beitun_14th_traffic_20240925,建案熱區巡禮：台中北屯區14期重劃區 - 交通篇,在地生活,區域環境,生活圈,2024-09-21,台中市、重劃區、生活機能、西屯區、七期,
/life-proposal/expert_ken_topics_commerical_factory_20240920,【商用不動產講堂】如何選擇好廠辦?,專家觀點,商用不動產,市場與發展,2024-09-20,房地產市場、商廠辦、商辦、廠辦、商用不動產,
/life-proposal/area_txg_beitun_14th_school_20240917,建案熱區巡禮：台中北屯區14期重劃區 - 學區篇,在地生活,區域環境,生活圈,2024-09-18,台中市、重劃區、明星學區、北屯區、十四期,
/life-proposal/expert_peizhen_topics_commerical_life-insurance_20240911,【商用不動產講堂】壽險業的不動產投資佈局,專家觀點,商用不動產,市場與發展,2024-09-11,劉佩真、房地產市場、商廠辦、商辦、廠辦,
/life-proposal/area_txg_beitun_14th_park_20240909,建案熱區巡禮：台中北屯區14期重劃區 - 綠地休憩篇,在地生活,區域環境,生活圈,2024-09-10,台中市、重劃區、公園綠地、北屯區、十四期,
/life-proposal/area-tph_banqiao_traffic_20240905,建案熱區巡禮：新北板橋府中與南雅地區 - 交通篇,在地生活,區域環境,生活圈,2024-09-05,南雅地區、交通機能、板橋區、交通便捷、江翠北側重劃區、新板特區,
/life-proposal/expert_peizhen_topics_commerical_trend_20240904,【商用不動產講堂】產業趨勢對商用不動產的影響,專家觀點,商用不動產,市場與發展,2024-09-04,劉佩真、房地產市場、商廠辦、商辦、廠辦,
/life-proposal/space_design_greencooldown_20240903,抗酷暑 ! 室內空間降溫這樣做，植栽除了打造綠色空間也能降溫,空間美學,居住與維護,裝潢設計,2024-09-03,綠色生活、降溫節能、夏季降溫、室內空間降溫、室內植物,
/life-proposal/expert_macromicro_mec_q2tec_20240903,財經M平方觀點：解析科技巨頭Q2財報表現！為何引發股市暴跌？,專家觀點,市場與政策,國際市場,2024-09-03,財經M平方、房地產市場、商廠辦、商辦、廠辦,
/life-proposal/area-tph_banqiao_school_20240902,建案熱區巡禮：新北板橋府中與南雅地區 - 學區篇,在地生活,區域環境,生活圈,2024-09-02,明星學區、板橋區、江翠北側重劃區、新板特區、南雅地區、都更重建,
/life-proposal/expert_macromicro_housing_2024q2_20240830,財經M平方觀點：全台Q2房市繼續火爆，限貸令會如何影響房市後續,專家觀點,市場與政策,政策法規,2024-08-30,財經M平方、房地產市場、六都交易量、買賣移轉棟數、房市供給、2024房市趨勢、新青安、AI 產業、消費性電子、限貸令、選擇性信用管制,
/life-proposal/expert_zhu_property_registration-of-inheritance_20240830,專家觀點地政篇：不動產繼承登記如何自行辦理？,專家觀點,稅務與繼承,遺產與贈與,2024-08-30,朱智豪、繼承登記、除戶、國稅局、遺產稅,
/life-proposal/expert_zhu_property_parking_vedio_20240828,[影音] 停車位買賣詳細解析-你需要知道的車位權利,專家觀點,不動產交易,產權,2024-08-28,朱智豪、停車位、約定專用、車位登記、停車空間改革、法定停車位、增設停車位、獎勵停車位,
/life-proposal/expert_peizhen_topics_commerical_office_20240828,【商用不動產講堂】北市辦公租賃市場概況如何？,專家觀點,商用不動產,市場與發展,2024-08-28,劉佩真、房地產市場、商辦、廠辦、商用不動產,
/life-proposal/area-s-tph_banqiao_nanya_20240820,建案熱區巡禮：新北板橋府中與南雅地區,在地生活,區域環境,區域發展,2024-08-20,新板特區、生活機能、交通機能、明星學區、公園綠地、板橋區、江翠北側重劃區,
/life-proposal/area-tph_banqiao_park_20240820,建案熱區巡禮：新北板橋府中與南雅地區 - 綠地休憩篇,在地生活,區域環境,生活圈,2024-08-20,公園綠地、板橋區、江翠北側重劃區、新板特區、南雅地區、都更重建,
/life-proposal/expert_peizhen_officemarket_20240806,劉佩真觀點：辦公室租賃市場供需與重要趨勢變化之解析,專家觀點,商用不動產,市場與發展,2024-08-06,劉佩真、ESG目標、企業租賃需求、綠色建築標章、高鐵辦公商圈、辦公室租賃市場、綠色租賃、空置率、供需變化、租金上漲,
/life-proposal/space_design_cooldown_20240804,抗酷暑 ! 室內空間降溫這樣做：選對建材有解方,空間美學,建築與品牌,建築規劃,2024-08-04,降溫節能、氣候變遷、地球暖化、Low-E 玻璃、全熱交換機、屋頂綠化、屋頂隔熱材料、隔熱塗料、ESG、綠建材,
/life-proposal/expert_zhu_property_presalerule_vedio_20240726,[影音] 預售屋購買注意事項大解析－了解預售屋制度與現況,專家觀點,不動產交易,簽約,2024-07-26,朱智豪、預售屋,
/life-proposal/expert_macromicro_mec_prosperity_20240725,財經M平方觀點：台灣景氣燈號連二黃紅燈，這波行情能走多遠？,專家觀點,市場與政策,房市趨勢,2024-07-22,財經M平方、製造業、PMI、出口表現、AI 產業、景氣燈號、消費性電子、房價走勢、住宅需求、股市走勢、全球景氣,
/life-proposal/area-l-ntpc_banqiao_20240717,建案熱區巡禮：板橋為交通便捷、生活機能佳的新北都心,在地生活,區域環境,區域發展,2024-07-18,人口密集、未來發展、江翠北側重劃區、新板特區、新北市、交通機能、板橋區、文化娛樂、生活購物、交通便捷,
/life-proposal/space_design_curtain_20240714,居家窗簾挑選有學問，窗簾種類與款式有哪些？,空間美學,居住與維護,裝潢設計,2024-07-14,室內設計、客廳、臥室、窗簾設計、窗簾種類,
/life-proposal/expert_li_2024trend_20240711,李同榮觀點：從13大指標判斷2024年下半年房產走勢,專家觀點,市場與政策,房市趨勢,2024-07-11,李同榮、新青安、房地產市場、六都交易量、買賣移轉棟數、房產趨勢、製造業,
/life-proposal/expert_liu_commercial_policy_20240709,劉學龍觀點：新政府的房市政策期許與建議,專家觀點,市場與政策,政策法規,2024-07-09,劉學龍、買賣移轉棟數、實價登錄、打房、房地合一稅、專家觀點、平均地權條例、新青安,
/life-proposal/expert_peizhen_2024q2review_20240703,劉佩真觀點：2024年第二季房市觀測-房市呈價量齊揚，而央行出手成效待觀察,專家觀點,市場與政策,政策法規,2024-07-05,劉佩真、房地產市場、六都交易量、買賣移轉棟數、房產趨勢、2024房市趨勢、新青安,
/life-proposal/expert_zhu_property_openspace_20240705,專家觀點地政篇：你買到的法定空地是什麼？,專家觀點,市場與政策,政策法規,2024-07-05,朱智豪、法定空地、公共安全、區分所有權人、公寓大廈管理、管委會管理,
/life-proposal/area-tpe-beitou_bstp_traffic_20240705,建案熱區巡禮：北投士林科技園區 - 交通篇,在地生活,區域環境,生活圈,2024-07-05,台北市、交通機能、士林區、北投區、北投士林科技園區、北士科,
/life-proposal/area-tpe-beitou_bstp_school_20240713,建案熱區巡禮：北投士林科技園區 - 學區篇,在地生活,區域環境,生活圈,2024-07-05,台北市、明星學區、士林區、北投區、北投士林科技園區、北士科,
/life-proposal/expert_macromicro_mec_china_20240621,財經M平方觀點：陸港股最壞狀況已過？展望中國後市,專家觀點,市場與政策,國際市場,2024-06-21,財經M平方、月度經濟數據、陸港股、禁空令、中國股市、中國房市,
/life-proposal/area-tpe-beitou_bstp_park_20240617,建案熱區巡禮：北投士林科技園區 - 綠地休憩篇,在地生活,區域環境,生活圈,2024-06-17,台北市、公園綠地、士林區、北投區、北投士林科技園區、北士科,
/life-proposal/area-tpe-beitou_bstp_function_202406012,建案熱區巡禮：北投士林科技園區生活圈,在地生活,區域環境,生活圈,2024-06-12,北士科、台北市、重劃區、生活機能、士林區、北投區、北投士林科技園區,
/life-proposal/space_design_smallhouse3_20240607,小宅攻略 ∣ 頂客質感生活這樣設計,空間美學,居住與維護,裝潢設計,2024-06-07,頂客、小宅、小坪數收納、LDK、開放式格局,
/life-proposal/area_txg_beitun_depot_traffic_20240606,建案熱區巡禮：台中北屯機廠重劃區 - 交通篇,在地生活,區域環境,生活圈,2024-06-06,台中市、重劃區、交通機能、北屯區、北屯機捷、北屯機廠重劃區,
/life-proposal/expert_zhu_property_scam_20240604,專家觀點地政篇：如何預防不動產詐騙？如何防止房屋被移轉？,專家觀點,不動產交易,簽約,2024-06-04,朱智豪、不動產詐騙、地籍異動、權狀、抵押權設定,
/life-proposal/expert_peizhen_commerical-trend_20240603,劉佩真觀點：從行業別、區域分布看2024年商用不動產投資買賣市場脈動,專家觀點,商用不動產,市場與發展,2024-06-03,劉佩真、房地產市場、商廠辦、商辦、廠辦、製造業、商用不動產,
/life-proposal/expert_zhu_property_escrow_vedio_20240531,[影音] 預售屋購買注意事項大解析 - 履約保證不可不知,專家觀點,不動產交易,簽約,2024-05-31,朱智豪、預售屋、購屋重點、履約保證,
/life-proposal/area_txg_beitun_depot_park_20240529,建案熱區巡禮：台中北屯機廠重劃區 - 綠地休憩篇,在地生活,區域環境,生活圈,2024-05-29,台中市、重劃區、公園綠地、北屯區、遠雄琉蘊、遠雄藝舍、遠雄綠美、遠雄星呈,
/life-proposal/expert_macromicro_mec_currency_20240521,財經M平方觀點：三大貨幣類型，盤點全球匯市走向,專家觀點,市場與政策,國際市場,2024-05-22,財經M平方、通膨、通膨貨幣政策,
/life-proposal/area_txg_beitun_depot_school_20240522,建案熱區巡禮：台中北屯機廠重劃區-學區篇,在地生活,區域環境,生活圈,2024-05-22,北屯區、遠雄琉蘊、遠雄藝舍、遠雄綠美、遠雄星呈、台中市、明星學區,
/life-proposal/space_design_smallhouse2_20240521,小宅攻略 ∣ 退休宅這樣規畫超完美,空間美學,居住與維護,裝潢設計,2024-05-20,退休、小宅、遠雄藝舍、遠雄東御苑,
/life-proposal/kw_meterspolicy_20240513,什麼是虛坪制？一次了解政府的「虛坪改革」方案,購屋知識,市場與政策,政策法規,2024-05-13,公設比、實坪制、建築技術規則、附屬建物、主建物面積,
/life-proposal/area_txg_beitun_depot_function_20240513,建案熱區巡禮：台中北屯機廠重劃區生活圈,在地生活,區域環境,生活圈,2024-05-13,台中市、重劃區、生活機能、北屯區、崇德商圈、北屯機廠重劃區,
/life-proposal/area-txg-shuinan_traffic_20240508,建案熱區巡禮：台中西屯水湳經貿園區 - 交通篇,在地生活,區域環境,生活圈,2024-05-08,遠雄星呈、水湳經貿園區、台中市、重劃區、交通機能、西屯區、遠雄琉蘊、遠雄藝舍、遠雄綠美,
/life-proposal/expert_macromicro_housing_policy_20240507,財經M平方觀點：新青安政策刺激房市價量熱絡，預售屋快速回溫,專家觀點,市場與政策,政策法規,2024-05-07,財經M平方、房地產市場、買賣移轉棟數、房貸、升息、通膨、囤房稅、新青安、青年貸款,
/life-proposal/expert_macromicro_mec_cycle_20240430,財經M平方觀點：股債位階與循環配置建議,專家觀點,市場與政策,國際市場,2024-05-02,財經M平方、通膨、生產力循環,
/life-proposal/area-s-khh-central_20240502,建案熱區巡禮：第二個美術館特區-高雄三民中都重劃區,在地生活,區域環境,區域發展,2024-05-02,遠雄琢蘊、高雄市、重劃區、三民區、遠雄峰蘊、中都重劃區,
/life-proposal/area-txg-shuinan_school_20240501,建案熱區巡禮：台中西屯水湳經貿園區 - 學區篇,在地生活,區域環境,生活圈,2024-05-01,遠雄綠美、遠雄星呈、水湳經貿園區、台中市、重劃區、明星學區、北屯區、西屯區、遠雄琉蘊、遠雄藝舍,
/life-proposal/expert_zhu_buyhouse_contract1_20240430,[影音] 預售屋購買注意事項大解析 – 應記載事項與不得記載事項,專家觀點,不動產交易,簽約,2024-04-30,朱智豪、買屋流程、預售屋,
/life-proposal/expert_zhu_property_divorce_20240420,專家觀點地政篇：離婚房產分配怎麼做？搞懂剩餘財產分配,專家觀點,不動產交易,產權,2024-04-24,朱智豪、遺產稅、剩餘財產分配,
/life-proposal/expert_peizhen_manufacturing_20240422,劉佩真觀點：製造業景氣回春挾其自用買盤  將助攻今年工業地產,專家觀點,市場與政策,房市趨勢,2024-04-23,劉佩真、亞灣區、商廠辦、高雄市、廠辦、半導體、工業地產,
/life-proposal/area-txg-shuinan_park_20240419,建案熱區巡禮：台中西屯水湳經貿園區 – 綠地休憩篇,在地生活,區域環境,生活圈,2024-04-19,遠雄藝舍、水湳經貿園區、台中市、重劃區、公園綠地、西屯區、遠雄琉蘊,
/life-proposal/expert_peizhen_2024q1review_20240418,劉佩真觀點：2024年第一季房市觀測-住宅及商用不動產市場均出現回暖情勢,專家觀點,市場與政策,房市趨勢,2024-04-19,劉佩真、房地產市場、商用不動產,
/life-proposal/expert_li_challenge_20240411,李同榮觀點：房市多空拉鋸，前瞻建築業未來面臨的三大挑戰,專家觀點,市場與政策,房市趨勢,2024-04-11,李同榮、房地產市場、建商評價、制震建築、不動產,
/life-proposal/space_design_smallhouse1_20240411,小宅攻略∣新婚小家庭如何打造高效空間,空間美學,居住與維護,裝潢設計,2024-04-11,室內設計,
/life-proposal/area_s_txg_beitun_depot_20240410,建案熱區巡禮：台中北屯機廠重劃區，擁強大交通機能區位,在地生活,區域環境,區域發展,2024-04-10,台中市、北屯區、崇德商圈、遠雄琉蘊、遠雄藝舍、北屯機捷、北屯機廠重劃區,
/life-proposal/area_txg_xitun_eight_function_20240407,建案熱區巡禮：台中西屯區單元八生活圈，水湳經貿園區門戶,在地生活,區域環境,生活圈,2024-04-08,台中市、重劃區、生活機能、北屯區、西屯區、單元八,
/life-proposal/expert_macromicro_mec_energy_20240408,財經M平方觀點：驅動金屬需求的新成長動能 – 能源轉型,專家觀點,市場與政策,國際市場,2024-04-08,財經M平方、中國房市、製造業、中國經濟,
/life-proposal/expert_liu_commercial_economic_20240402,劉學龍觀點：經濟新格局下的台灣商用不動產機會,專家觀點,商用不動產,市場與發展,2024-04-06,劉學龍、經濟成長率、減碳、商用不動產、財經M平方,
/life-proposal/expert_zhu_tax_inheritance_vedio_20240327,專家觀點地政篇：降低遺產稅怎麼做？遺產稅節稅規劃攻略,專家觀點,稅務與繼承,遺產與贈與,2024-03-27,朱智豪、稅賦、節稅、遺產稅,
/life-proposal/area_tnn_yongkang_yanxing_traffic_20240324,建案熱區巡禮：台南永康區鹽行國中重劃區 – 交通篇,在地生活,區域環境,生活圈,2024-03-24,台南市、重劃區、交通機能、永康區,
/life-proposal/area_tnn_yongkang_yanxing_school_20240323,建案熱區巡禮：台南永康區鹽行國中重劃區 – 學區篇,在地生活,區域環境,生活圈,2024-03-23,台南市、重劃區、明星學區、鹽行區,
/life-proposal/expert_zhu_buyhouse_abroad2_20240320,專家觀點地政篇：人在國外想買房，簽約、貸款與登記要注意什麼？(下),專家觀點,不動產交易,簽約,2024-03-20,朱智豪、買屋流程、簽約、海外買房,
/life-proposal/space_design_entrance_20240314,熱門玄關設計實用Tips，魔鬼藏在細節裡,空間美學,居住與維護,裝潢設計,2024-03-14,室內設計、玄關設計,
/life-proposal/area-hotspot-tnn-dawan_traffic_20240313,建案熱區巡禮：台南永康大灣重劃區 – 交通篇,在地生活,區域環境,生活圈,2024-03-13,永康區、大灣重劃區、台南市、重劃區、交通機能,
/life-proposal/space_style_holiday_20240306,為生活解悶 | 掌握度假宅室內元素，在家就像度假,空間美學,居住與維護,裝潢設計,2024-03-06,室內設計,
/life-proposal/expert_macromicro_mec_manufacturing_20240304,財經M平方觀點：製造業回溫下驅動台灣經濟的三大關鍵,專家觀點,市場與政策,國際市場,2024-03-04,財經M平方、總經趨勢、製造業、PMI,
/life-proposal/expert_zhu_buyhouse_abroad1_20240303,專家觀點地政篇：人在國外想買房，簽約、貸款與登記要注意什麼？(上),專家觀點,不動產交易,簽約,2024-03-03,朱智豪、買屋流程、簽約、購屋重點、海外買房,
/life-proposal/area-hotspot-tnn-dawan_school_20240303,建案熱區巡禮：台南永康大灣重劃區 – 學校篇,在地生活,區域環境,生活圈,2024-03-03,永康區、遠雄綠禾、遠雄東御苑、遠雄藏萃、大灣重劃區、台南市、重劃區、明星學區,
/life-proposal/expert_zhu_property_identity_vedio_20240229,[影音] 你的買賣安全嗎？房屋產權必懂的謄本識讀、權狀跟身分查驗,專家觀點,不動產交易,產權,2024-02-29,朱智豪、產權登記、地政事務,
/life-proposal/area-hotspot-tnn-dawan_park_20240229,建案熱區巡禮：台南永康大灣重劃區 – 綠地休憩篇,在地生活,區域環境,生活圈,2024-02-29,永康區、遠雄綠禾、遠雄東御苑、遠雄藏萃、大灣重劃區、台南市、重劃區、公園綠地,
/life-proposal/expert_macromicro_housing_market_20240222,財經M平方觀點：台灣房市價量回升，房市牛市延續兩大重點解析,專家觀點,市場與政策,房市趨勢,2024-02-22,財經M平方、買賣移轉棟數、政策、稅賦、房地產市場、六都交易量、區域成交量,
/life-proposal/area_txg_xitun_eight_20240207,建案熱區巡禮：台中西屯區單元八比鄰水湳經貿園區，組成中央公園特區後發展可望更勝七期,在地生活,區域環境,區域發展,2024-02-10,生活機能、西屯區、單元八、遠雄琉蘊、遠雄藝舍、台中市、重劃區,
/life-proposal/space_style_peach_20240206,為生活解悶 | 2024年度代表色：用柔和蜜桃妝點居家,空間美學,居住與維護,裝潢設計,2024-02-06,室內設計、配色、空間色彩,
/life-proposal/expert_zhu_tax_gifttax_vedio_20240206,[影音] 避免誤入稅務陷阱：贈與稅善用免稅額,專家觀點,稅務與繼承,遺產與贈與,2024-02-06,朱智豪、稅賦、節稅、贈與稅,
/life-proposal/expert_peizhen_tech-office_20240206,劉佩真觀點：科技業對於辦公大樓租賃或購置的需求趨勢,專家觀點,商用不動產,市場與發展,2024-02-05,劉佩真、商廠辦、辦公室租賃市場、商辦、ESG目標、ESG、減碳,
/life-proposal/expert_macromicro_mec_2024risk_20240126,財經M平方觀點︱2024 關鍵三大風險：流動性、通膨、台灣出口,專家觀點,市場與政策,國際市場,2024-01-29,財經M平方、總經趨勢、通膨、聯準會,
/life-proposal/area_tnn_haidian_function_20240126,建案熱區巡禮：台南溪東重劃區生活圈,在地生活,區域環境,生活圈,2024-01-26,生活機能、安南區、台南市、重劃區,
/life-proposal/area-txg-port_traffic_20240120,建案熱區巡禮：台中港市鎮重劃區 – 海線城市清水梧棲交通篇,在地生活,區域環境,生活圈,2024-01-19,台中市、梧棲區、清水區、重劃區、交通機能,
/life-proposal/expert_zhu_buyhouse_joint_20240117,專家觀點地政篇：合資買房如何保障自身權益？,專家觀點,不動產交易,產權,2024-01-17,朱智豪、借名登記、預告登記、地政事務,
/life-proposal/expert_li_afterelection_20240118,李同榮觀點：2024大選後房市發展趨勢之關鍵報告,專家觀點,市場與政策,房市趨勢,2024-01-17,李同榮、房產趨勢、2024房市趨勢,
/life-proposal/space_style_reading_20240116,為生活解悶 | 居家布置術-創造閱讀角,空間美學,居住與維護,裝潢設計,2024-01-16,室內設計,
/life-proposal/area-txg-port_park_20240111,建案熱區巡禮：台中港市鎮重劃區 – 清水梧棲綠地休憩篇,在地生活,區域環境,生活圈,2024-01-11,台中市、梧棲區、清水區、重劃區、公園綠地,
/life-proposal/area-txg-port_school_20240105,建案熱區巡禮：台中港市鎮重劃區 – 清水梧棲學區篇,在地生活,區域環境,生活圈,2024-01-05,台中市、梧棲區、清水區、重劃區、明星學區,
/life-proposal/area-txg-port_function_20240103,建案熱區巡禮：台中港市鎮重劃區生活圈，梧棲、清水躍升熱區,在地生活,區域環境,生活圈,2024-01-03,台中市、梧棲區、清水區、重劃區、生活機能,
/life-proposal/expert_liu_commercial_2023review_20240101,劉學龍觀點：2023年商用不動產市場回顧與展望,專家觀點,商用不動產,市場與發展,2024-01-03,劉學龍、商廠辦、商用不動產、經濟成長率,
/life-proposal/expert_peizhen_2023review_20240103,劉佩真觀點：2023年國內房市先蹲後跳、2024年期盼漸入佳境,專家觀點,市場與政策,房市趨勢,2024-01-03,劉佩真、房地產市場、不動產,
/life-proposal/space_furnish_kitchen_20240102,工料雙漲下的省錢裝潢 | 新屋廚房三大必修省錢術,空間美學,居住與維護,裝潢設計,2024-01-02,微改裝、廚房、室內設計、空間利用,
/life-proposal/area_hotspot_tnn_yongkang_traffic_20231222,建案熱區巡禮：台南永康區 – 交通篇,在地生活,區域環境,生活圈,2024-01-02,台南市、永康區、交通機能,
/life-proposal/area_hotspot_tnn_yongkang_school_20231216,建案熱區巡禮：台南永康區 – 學區篇,在地生活,區域環境,生活圈,2024-01-02,台南市、永康區、重劃區、明星學區、`,
/life-proposal/expert_zhu_property_multi-house-tax-2_20240101,[影音] 一次看懂囤房稅2.0! 囤房稅修法重點，你受到影響了嗎?,專家觀點,市場與政策,政策法規,2024-01-01,朱智豪、稅賦、囤房稅,
/life-proposal/expert_zhu_private-corporation_adjust_20231227,專家觀點地政篇：私法人房地合一稅的修法與調整,專家觀點,市場與政策,政策法規,2023-12-28,朱智豪、所得稅、房地合一稅、地政事務、私法人,
/life-proposal/space_furnish_maillard_20231227,為生活解悶 | 客廳布置秋冬換季玩花樣,空間美學,居住與維護,裝潢設計,2023-12-27,室內設計、軟裝、客廳,
/life-proposal/expert_zhu_property_multi-house-tax-1_20231208,[影音] 一次看懂囤房稅：囤房稅如何計算，多屋族看過來！,專家觀點,市場與政策,政策法規,2023-12-08,朱智豪、稅賦、房屋稅、囤房稅,
/life-proposal/area-hotspot-tnn-yongkang_park_20231207,建案熱區巡禮：台南永康區 – 綠地篇,在地生活,區域環境,生活圈,2023-12-08,台南市、永康區、公園綠地,
/life-proposal/expert_peizhen_south_trend_20231207,劉佩真觀點：從大南方半導體業的崛起看區域房市的發展動態,專家觀點,市場與政策,房市趨勢,2023-12-07,劉佩真、台南市、高雄市、半導體、製造業、科學園區、竹科、2024房市趨勢,
/life-proposal/expert_zhu_property_house-transfer_20231129,[影音] 二親等的不動產買賣：父母要將房子及土地過戶給子女如何做?,專家觀點,稅務與繼承,遺產與贈與,2023-11-29,朱智豪、贈與稅、房地合一稅、地政事務,
/life-proposal/area_hotspot_txg_xitun_traffic_20231124,建案熱區巡禮：台中西屯區 – 交通篇,在地生活,區域環境,生活圈,2023-11-29,台中市、西屯區、七期、交通機能,
/life-proposal/area_hotspot_txg_xitun_park_20231129,建案熱區巡禮：台中西屯區七期重劃區 – 綠地休憩篇,在地生活,區域環境,生活圈,2023-11-29,台中市、西屯區、七期、重劃區、生活機能、公園綠地,
/life-proposal/area-tnn-dawan_function_20231129,大灣重劃區生活圈，萬坪綠意下的新富聚落| 建案熱區巡禮,在地生活,區域環境,生活圈,2023-11-29,台南市、永康區、大灣重劃區、重劃區、生活機能,
/life-proposal/space_furnish_paint_20231128,工料雙漲下的省錢裝潢 | 油漆DIY 老屋變新貌,空間美學,居住與維護,裝潢設計,2023-11-28,室內設計,
/life-proposal/expert_macromicro_mec_oil_20231125,財經M平方觀點：美債殖利率創新高，三大面向解析後續走勢,專家觀點,市場與政策,國際市場,2023-11-24,財經M平方、通膨,
/life-proposal/expert_macromicro_housing_2024trend_20231125,財經M平方觀點：2024年台灣房市展望,專家觀點,市場與政策,房市趨勢,2023-11-24,財經M平方、房地產市場、買賣移轉棟數、房產趨勢、升息、通膨、貨幣政策,
/life-proposal/space_furnish_cabinet_20231125,工料雙漲下的省錢裝潢 | 居家裝修系統櫃新手攻略,空間美學,居住與維護,裝潢設計,2023-11-23,室內設計,
/life-proposal/area_hotspot_txg_xitun_school_20231115,建案熱區巡禮：台中西屯區 – 學區篇,在地生活,區域環境,生活圈,2023-11-15,台中市、西屯區、七期、重劃區、明星學區,
/life-proposal/expert_zhu_private-corporation_20231114,專家觀點地政篇：私法人取得不動產的限制,專家觀點,不動產交易,產權,2023-11-15,朱智豪、法拍屋、房地合一稅、平均地權條例、私法人,
/life-proposal/area-txg-7th_function_20231107,建案熱區巡禮：台中西屯區七期重劃區生活圈,在地生活,區域環境,生活圈,2023-11-07,台中市、西屯區、重劃區、生活機能,
/life-proposal/space_furnish_muji_20231101,工料雙漲下的省錢裝潢 | 自己打造無印風設計,空間美學,居住與維護,裝潢設計,2023-11-07,室內設計,
/life-proposal/area-txg-shuinan_20231027,建案熱區巡禮：台中西屯區水湳經貿園區生活圈,在地生活,區域環境,生活圈,2023-10-27,台中市、西屯區、生活機能、重劃區、置產,
/life-proposal/space_furnish_livingroom_20231027,小客廳也能變身大空間！空間魔法大公開！,空間美學,居住與維護,裝潢設計,2023-10-27,室內設計、空間利用、客廳,
/life-proposal/expert_peizhen_realty_trend_2023q3_20231023,2023年第三季房市觀測：住宅意外獲得改善、商用不動產缺乏亮點,專家觀點,市場與政策,房市趨勢,2023-10-23,劉佩真、房地產市場、平均地權條例、房貸、商用不動產,
/life-proposal/area_hotspot_khh_sanmin_school_20231023,建案熱區巡禮：高雄三民區 – 學區篇,在地生活,區域環境,生活圈,2023-10-23,高雄市、三民區、科工館、明星學區,
/life-proposal/space_furnish_newhouse_20231020,讓新家環保又節能！新成屋改裝要點！,空間美學,居住與維護,裝潢設計,2023-10-20,室內設計、綠建材、節能、綠色生活,
/life-proposal/expert_macromicro_mec_oil_20231018,財經M平方觀點：對抗通膨的最後一哩路，油價有可能造成阻礙嗎？,專家觀點,市場與政策,國際市場,2023-10-19,財經M平方、升息、通膨、中國經濟,
/life-proposal/expert_li_election_20231019,李同榮觀點：2024年大選後，台灣房市面對的挑戰,專家觀點,市場與政策,房市趨勢,2023-10-19,李同榮、房地產市場、實價登錄、打房、升息、平均地權條例、囤房稅,
/life-proposal/expert_zhu_credit_20231020,專家觀點地政篇：央行的信用管制對貸款有何影響?,專家觀點,市場與政策,政策法規,2023-10-19,朱智豪、房貸、平均地權條例、選擇性信用管制,
/life-proposal/expert_zhu_tax_refunded_20231017,[影音] 換屋族必知的不動產節稅規劃 : 重購退稅｜專家觀點地政篇,專家觀點,稅務與繼承,稅務,2023-10-17,朱智豪、稅賦、節稅、土地增值稅、房地合一稅,
/life-proposal/expert_peizhen_office_trend_20231004,劉佩真觀點：從各面向觀察辦公大樓租賃市場之走向,專家觀點,商用不動產,市場與發展,2023-10-12,劉佩真、置產、辦公室租賃市場、商用不動產、投資、空置率、ESG目標,
/life-proposal/expert_liu_commercial_election_20231005,劉學龍觀點：從總統大選年窺見不動產市場熱度,專家觀點,市場與政策,房市趨勢,2023-10-06,劉學龍、不動產、商用不動產、房地產市場、買賣移轉棟數、打房,
/life-proposal/space_furnish_saving_20231004,如何利用微改裝讓我的家更節能，與綠色生活共伍！,空間美學,居住與維護,裝潢設計,2023-10-04,微改裝、節能、綠色生活,
/life-proposal/expert_20230920_peizhen_commerical,劉佩真觀點：由壽險業、製造業、建築開發業看2023年第二季商用不動產 投資買賣市場之脈動,專家觀點,商用不動產,市場與發展,2023-10-01,劉佩真、商用不動產、商辦、製造業,
/life-proposal/expert_macromicro_mac_rmb_20230928,財經M平方觀點：中國解封後人民幣再破新低，後續觀察重點為何？,專家觀點,市場與政策,國際市場,2023-09-28,財經M平方、中國經濟、PMI,
/life-proposal/expert_macromicro_housing_03q2_20230928,財經M平方觀點：台灣房價 Q2 再度創高，打房效果是否逐步遞減？,專家觀點,市場與政策,房市趨勢,2023-09-28,財經M平方、買賣移轉棟數、平均地權條例、囤房稅,
/life-proposal/kw_load_youthload_20230928,青年首購看過來：新青安貸款8大重點,購屋知識,不動產交易,房貸,2023-09-28,首購、自住、房貸,
/life-proposal/area_hotspot_khh_sanmin_traffic_20230928,建案熱區巡禮：高雄三民區 – 交通篇,在地生活,區域環境,生活圈,2023-09-27,高雄市、三民區、交通機能,
/life-proposal/area_hotspot_khh_sanmin_park_20230915,建案熱區巡禮：高雄三民區 – 綠地篇,在地生活,區域環境,生活圈,2023-09-21,三民區、公園綠地,
/life-proposal/expert_zhu_inheritance_20230921,專家觀點地政篇：繼承取得不動產，如何課徵房地合一稅？,專家觀點,稅務與繼承,遺產與贈與,2023-09-21,朱智豪、房地合一稅,
/life-proposal/expert_zhu_tax_transfertax_20230919,[影音] 換屋族必知的不動產節稅規劃 : 移轉稅｜專家觀點地政篇,專家觀點,稅務與繼承,節稅,2023-09-18,朱智豪,
/life-proposal/area-khh-station_20230914,建案熱區巡禮：高雄三民區高雄車站特區生活圈,在地生活,區域環境,生活圈,2023-09-14,高雄市、三民區、生活機能,
/life-proposal/area_tnnyongkang_redevelop_yanxing_20230901,建案熱區巡禮：台南永康區鹽行國中重劃區生活圈,在地生活,區域環境,生活圈,2023-09-04,台南市、永康區、大灣重劃區、重劃區、生活機能、公園綠地,
/life-proposal/expert_macromicro_2023q2_20230816,財經M平方觀點：從Q2財報看下半年經濟復甦可能性,專家觀點,市場與政策,國際市場,2023-08-23,財經M平方、總經趨勢、半導體、製造業,
/life-proposal/expert_20230815_peizhen_retail,劉佩真觀點：從疫後零售、觀光、餐飲業復甦，看零售地產的動向,專家觀點,商用不動產,市場與發展,2023-08-22,劉佩真、經濟成長率、零售地產、GDP,
/life-proposal/expert_zhu_hypothec_20230815,專家觀點地政篇：不動產抵押權重點詳解,專家觀點,不動產交易,產權,2023-08-20,朱智豪、抵押權、地政事務,
/life-proposal/expert_zhu_propertytax_20230814,[影音] 首購或換屋族必知的不動產節稅規劃 : 持有稅｜專家觀點地政篇,專家觀點,稅務與繼承,節稅,2023-08-14,朱智豪、房地合一稅、稅賦、節稅、房屋稅、地價稅,
/life-proposal/expert_20230724_macromicro_asiapacific,財經M平方觀點：亞太新興區域經濟 下半年重點關注兩環節,專家觀點,市場與政策,國際市場,2023-07-27,財經M平方、總經趨勢、製造業、東協、新興市場、PMI,
/life-proposal/expert_20230721_macromicro_korea,財經M平方觀點：韓國和澳洲房價修正 台灣是否將步入後塵？,專家觀點,市場與政策,國際市場,2023-07-24,財經M平方、房地產市場、房地產運作模式、升息、房價,
/life-proposal/expert_li_2023q3market_20230717,李同榮觀點：2023上半年房市回顧及下半年走勢預測,專家觀點,市場與政策,房市趨勢,2023-07-20,李同榮、房地產市場、六都交易量、區域成交量、買賣移轉棟數、價格漲幅、不動產、房產趨勢、房價,
/life-proposal/expert_zhu_public-area_20230718,專家觀點地政篇：到底停車位、露臺、屋頂屬於誰的？,專家觀點,不動產交易,產權,2023-07-19,朱智豪、住宅、公設比、公設規劃、社區管理、管委會、地政事務,
/life-proposal/area-khh-central_202306719,建案熱區巡禮：高雄三民區中都重劃區生活圈,在地生活,區域環境,生活圈,2023-07-19,高雄市、三民區、中都重劃區、重劃區、生活機能、公園綠地,
/life-proposal/expert_20230609_peizhen_2023q2,劉佩真觀點：2023年第二季房市觀測：利空環境依舊壓制，不動產市場持續降溫,專家觀點,商用不動產,市場與發展,2023-07-12,劉佩真、房地產市場、不動產、房產趨勢、土地交易、商用不動產、土地交易、房市調控、房市供給,
/life-proposal/ease_eewh-ec_20230711,綠建築十大社區出爐，遠雄文青、遠雄THE ONE、遠雄耶魯齊上榜,安心生活,建築與品牌,ESG與綠建築,2023-07-11,遠雄文青、住宅、綠建築、遠雄九五,
/life-proposal/expert_liu_20230629_commercial,劉學龍觀點：從近期交易看商用不動產市場動能,專家觀點,商用不動產,市場與發展,2023-06-30,劉學龍、商用不動產、商辦、廠辦、投資,
/life-proposal/expert_macromicro_20230621,財經M平方觀點：解析經濟基本面，掌握日本貨幣政策未來展望,專家觀點,市場與政策,國際市場,2023-06-26,財經M平方、通膨、貨幣政策、CPI 年增率、公債市場,
/life-proposal/space_lamps_20230625,學好居家燈具規劃，營造質感品味生活,空間美學,居住與維護,裝潢設計,2023-06-25,室內設計、視覺穿透、燈光設計、燈光配置,
/life-proposal/space_light_20230614,讓空間更有溫度，居家燈光設計有訣竅,空間美學,居住與維護,裝潢設計,2023-06-20,室內設計、燈光設計、燈光配置,
/life-proposal/ease_greenmaterial_20230609,宜居生活、地球永續，就從綠建材開始,安心生活,建築與品牌,ESG與綠建築,2023-06-16,綠建築、防疫建築、綠建材,
/life-proposal/ease_healthy-material_20230616,居家生活擁抱綠建材，遠離影響健康與空氣的有害物質,安心生活,建築與品牌,ESG與綠建築,2023-06-16,住宅、綠建築、建材,
/life-proposal/expert_zhu_marriage_20230614,[影音] 專家觀點地政篇：婚前買房v.s婚後買房｜房子登記誰的名字好？,專家觀點,市場與政策,國際市場,2023-06-15,朱智豪、新婚、自住、借名登記、預告登記、信託保障、不動產繼承,
/life-proposal/ease_mildew-proof_20230612,梅雨季濕氣滿屋，來場除濕防霉大作戰,安心生活,居住與維護,修繕保養,2023-06-14,除溼、防潮,
/life-proposal/kw_land_rights_20230606,平均地權條例子法預計7月1日正式登場，修法重點一次看,購屋知識,市場與政策,政策法規,2023-06-09,政策、預售屋、打房、平均地權條例,
/life-proposal/ease_greenbuilding_20230608,社區有綠建築標章有何好處？,安心生活,建築與品牌,ESG與綠建築,2023-06-09,建築設計、景觀設計、建材、減碳、綠覆率、綠建築,
/life-proposal/kw_delivery_20230607,交屋看仔細，常見交屋糾紛有哪些？,購屋知識,不動產交易,驗交屋,2023-06-08,住宅、交屋流程、建商、預售屋、購屋重點,
/life-proposal/expert_peizhen_land_20230609,劉佩真觀點：2023年台灣土地交易市場變化,專家觀點,商用不動產,市場與發展,2023-06-07,劉佩真、房地產市場、半導體、經濟成長率、土地交易,
/life-proposal/kw_equity_20230605,如何保障產權？維護自身權益必知的產權登記,購屋知識,不動產交易,產權,2023-06-06,買屋流程、借名登記、預告登記、產權登記,
/life-proposal/kw_credibility_20230602,預售屋履保制度有保障嗎？品牌建商才是王道,購屋知識,建築與品牌,建商品牌,2023-06-03,買屋流程、建商評價、預售屋、購屋重點、履約保證,
/life-proposal/ease_dehumidification_20230601,梅雨季居家除溼妙招,安心生活,居住與維護,修繕保養,2023-06-03,居家保養、除溼、防潮,
/life-proposal/expert_macromicro_20230522,財經M平方觀點：從房地產運作機制，一窺台灣房市發展 4 問題,專家觀點,市場與政策,房市趨勢,2023-05-26,財經M平方、預售屋、房地產運作模式、不動產、自由市場、美國,
/life-proposal/expert_peizhen_q1view_20230519,2023年第一季房市展望與分析：房市續處修正期，住宅及商用不動產表現均不盡理想,專家觀點,市場與政策,房市趨勢,2023-05-19,劉佩真、房地產市場、商用不動產、商廠辦、住宅、平均地權條例,
/life-proposal/expert_macromicro_20230516,財經M平方觀點：全球製造業景氣，開始進入築底階段,專家觀點,市場與政策,國際市場,2023-05-17,財經M平方、半導體、升息、物價高漲、製造業、美國、中國經濟,
/life-proposal/color_20230509,居家色彩魔法：室內設計配色指南,空間美學,居住與維護,裝潢設計,2023-05-16,室內設計、配色、空間色彩,
/life-proposal/expert_zhu_inherited_20230512,[ 影音 ]專家觀點地政篇：要將資產移轉給子女，到底用什麼樣的方法才合適?,專家觀點,稅務與繼承,遺產與贈與,2023-05-12,朱智豪、稅賦、遺產稅、贈與稅、地政事務,
/life-proposal/space_storage_20230428,小坪數空間利用，聰明收納有一套,空間美學,居住與維護,裝潢設計,2023-04-28,室內設計、小坪數收納、空間利用、視覺穿透,
/life-proposal/firstbuy_20230427,初次購屋，首購族要分析的重點為何?,購屋知識,不動產交易,簽約,2023-04-27,預售屋、成屋、房價、首購、自住、價格、房貸、買屋流程、建商、生活機能,
/life-proposal/foreclosure_20230427,法拍屋怎麼買? 選購法拍屋基本知識,購屋知識,不動產交易,簽約,2023-04-27,換屋、法拍屋、應買公告、瑕疵擔保,
/life-proposal/interview-s-taoyuan-qingshan_20230306,桃園青埔青山里：埤塘文化的保存及再生！,在地生活,區域環境,生活圈,2023-04-24,桃園市、中壢,
/life-proposal/expert_macromicro_20230421,財經M平方觀點：中國經濟復甦趨勢明確，東協國家有望最先受惠,專家觀點,市場與政策,國際市場,2023-04-24,財經M平方、總經趨勢、通膨、新冠疫情、製造業、中國經濟、PMI,
/life-proposal/expert_zhu_v_presale_20230418,[ 影音 ]我要買預售屋還是成屋? 優缺點與差異有哪些?,專家觀點,不動產交易,簽約,2023-04-20,朱智豪、預售屋、成屋,
/life-proposal/expert_li_property_20230418,李同榮觀點：台灣房市未來將面對的挑戰與蛻變,專家觀點,市場與政策,房市趨勢,2023-04-19,李同榮、房地產市場、價格漲幅、政策、打房、不動產、房產趨勢,
/life-proposal/balcony_20230414,小陽台佈置，給自己一處秘密花園,空間美學,居住與維護,裝潢設計,2023-04-19,自住、小宅、室內設計、陽台,
/life-proposal/notice_20230331,購買預售屋注意事項,購屋知識,不動產交易,簽約,2023-03-31,自住、住宅、價格、買屋流程、簽約、預售屋、建材,
/life-proposal/renovation_20230330,一次搞懂老屋改建的方法,購屋知識,區域環境,基地條件,2023-03-31,政策、危老重建、老屋改建,
/life-proposal/expert_peizhen_20230331,劉佩真觀點：從國內製造業的發展現況看工業地產之趨勢,專家觀點,商用不動產,市場與發展,2023-03-31,劉佩真、房地產市場、製造業、工業地產、投資,
/life-proposal/expert_macromicro_20230328,財經M平方觀點：各國房地產全解析，一文讀懂不動產市場運作,專家觀點,市場與政策,國際市場,2023-03-30,財經M平方、房地產市場、房地產運作模式、自由市場、房市指標、美國、德國、日本、新加坡、韓國,
/life-proposal/expert_liu_retail_20230328,劉學龍觀點：短暫休息後的蛻變-零售新風貌,專家觀點,商用不動產,市場與發展,2023-03-29,劉學龍、零售地產、產業數位化,
/life-proposal/ai_property_20230327,智慧宅風潮來襲，AI讓家變聰明,空間美學,居住與維護,裝潢設計,2023-03-27,智慧建築、智慧宅、智慧家居、智能住宅,
/life-proposal/regulations_20230317,附屬建物篇 : 陽台與雨遮建築法規規定為何？,購屋知識,建築與品牌,建築規劃,2023-03-25,預售屋、容積率、公設比、陽台、建築技術規則,
/life-proposal/expert_macromicro_20230320,財經M平方觀點：受惠中國解封 全球製造業將逐步落底,專家觀點,市場與政策,國際市場,2023-03-25,財經M平方、總經趨勢、半導體、製造業、PMI,
/life-proposal/expert_zhu_presale_20230314,朱智豪觀點：我該購買預售屋還是成屋？,專家觀點,不動產交易,簽約,2023-03-25,朱智豪、預售屋、成屋、房價、地政事務,
/life-proposal/regulations2_20230320,公共設施篇: 梯廳與樓梯間建築法規有何特殊規定?,購屋知識,建築與品牌,建築規劃,2023-03-21,容積率、公設比、購屋重點、約定專用、公共設施,
/life-proposal/kids_room_20230306,兒童房設計攻略：打造寶貝專屬空間,空間美學,居住與維護,裝潢設計,2023-03-13,室內設計、兒童房、小孩房設計,
/life-proposal/expert_macromicro_20230306,財經M平方觀點：通膨與就業兩大因素，美國經濟將呈 U 型復甦,專家觀點,市場與政策,國際市場,2023-03-06,財經M平方、美國經濟、半導體、製造業、房屋租金指數、通膨,
/life-proposal/interior_softdeco_20230222,軟裝搭配術 – 改變居家風格的魔法,空間美學,居住與維護,裝潢設計,2023-02-24,室內設計、軟裝,
/life-proposal/retiredlife_20230220,退休以後怎麼住？你適合青銀共居、養生村還是全齡宅？,安心生活,建築與品牌,建築規劃,2023-02-20,退休、全齡宅,
/life-proposal/land_rights_20230111,平均地權條例三讀修正通過，自住市場當道,購屋知識,市場與政策,政策法規,2023-02-04,首購、換屋、不動產,
/life-proposal/2022propert_news_20230204,2022十大熱門房市新聞，平均地權條例修法關切度最高,購屋知識,市場與政策,房市趨勢,2023-02-04,房地產市場、住宅、房價、升息,
/life-proposal/tax_inspection_20230119,房地一族看過來，與你有關的國稅局查稅重點,購屋知識,稅務與繼承,稅務,2023-02-02,自住、稅賦、房屋稅、所得稅,
/life-proposal/expert_liu_semi_2023-0201,劉佩真觀點：從半導體業與台積電發展看台灣房市機會點,專家觀點,市場與政策,房市趨勢,2023-02-02,劉佩真、房地產市場,
/life-proposal/space_pets_20230130,實用寵物宅設計巧思：打造與毛小孩共居的舒適空間！,空間美學,居住與維護,裝潢設計,2023-02-02,室內設計、寵物宅、貓宅,
/life-proposal/2022branding_20230119,2022年十大建商出爐，品牌建商更重保固與售後服務,購屋知識,建築與品牌,建商品牌,2023-01-31,首購、建商評價、保固,
/life-proposal/house_income_20230119,繳納房地合一稅避免踩雷必知重點,購屋知識,稅務與繼承,稅務,2023-01-31,稅賦、房地合一稅,
/life-proposal/expert_macromicro_20230117,財經M平方觀點：2023 台灣房市展望，解析兩大原因與政策衝擊,專家觀點,市場與政策,政策法規,2023-01-18,財經M平方、房地產市場、政策、打房、不動產、房地合一稅、房產趨勢、房價,
/life-proposal/theme_ping_20230117,空間放大術：小坪數變身大空間有妙招,空間美學,居住與維護,裝潢設計,2023-01-18,小宅、室內設計,
/life-proposal/expert_li_housing_market_20230117,李同榮觀點：政策修法五重拳，市場不如預期悲觀，購屋者不必恐慌,專家觀點,市場與政策,政策法規,2023-01-17,李同榮、房地產市場、政策、打房、不動產,
/life-proposal/plant_20230105,打造居家植栽，許一個綠空間給自己,空間美學,居住與維護,裝潢設計,2023-01-17,室內設計,
/life-proposal/controls_20230108,央行房市信用措施管制總整理！自住客時代來臨！,購屋知識,市場與政策,政策法規,2023-01-10,打房、不動產、住宅、政策,
/life-proposal/rental_housing_20230106,包租代管懶人包快速了解！,購屋知識,市場與政策,政策法規,2023-01-10,房租、包租代管、社會住宅,
/life-proposal/buying_focus_20221230,買房看時機，抓住景氣反轉點才能買到好房子,購屋知識,市場與政策,房市趨勢,2022-12-30,房價、購屋重點、房地產市場、住宅、價格漲幅、建商、建商評價、不動產,
/life-proposal/expert_liu_20221226,劉學龍觀點：經過利空出盡的2022年，透過靈活布局可望迎來2023年的暖冬,專家觀點,商用不動產,市場與發展,2022-12-29,劉學龍、房地產市場、商廠辦、通膨、新冠疫情、物價高漲、氣候變遷,
/life-proposal/expert_peizhen_20221226,劉佩真觀點：2023年台灣房地產市場景氣情勢與展望,專家觀點,市場與政策,房市趨勢,2022-12-29,劉佩真、房地產市場、商廠辦、不動產、通膨、物價高漲,
/life-proposal/cleaning_20221223,來場大掃除吧！居家清潔要訣看過來！,購屋知識,居住與維護,修繕保養,2022-12-26,居家保養、居家清潔,
/life-proposal/farglory_land_20221223,遠雄建設獲TCSA台灣永續報告書銀獎，持續推動ESG深化企業永續力,購屋知識,建築與品牌,建商品牌,2022-12-26,ESG減碳,
/life-proposal/nordic_design_20221219,簡潔明亮 勾勒令人憧憬的北歐風設計,空間美學,居住與維護,裝潢設計,2022-12-25,室內設計、北歐風,
/life-proposal/expert_macromicro_20221220,財經M平方觀點：2023 年全球經濟三大重點，各國經濟將如何復甦？,專家觀點,市場與政策,國際市場,2022-12-21,財經M平方、總經趨勢、通膨、聯準會、GDP,
/life-proposal/pre_mortgage_20221215,記住5P原則，讓你的貸款成數更高更容易,購屋知識,不動產交易,房貸,2022-12-19,首購、房貸、貸款利率、信用評分,
/life-proposal/mortgage_-statistics_20221215,升息讓房貸壓力越來越大，告訴你無痛還款的招數,購屋知識,不動產交易,房貸,2022-12-19,房貸、升息,
/life-proposal/redevelopment_zone_20221209,入主重劃區漸成主流，優缺點一次看,購屋知識,區域環境,區域發展,2022-12-19,重劃區、公園綠地、水岸宅、景觀視野,
/life-proposal/reduce_property_20221215,上有政策下有對策，買房投資招數看過來,購屋知識,市場與政策,房市趨勢,2022-12-16,投資、置產、打房,
/life-proposal/expert_macromicro_20221125,財經M平方觀點：全球製造業去庫存，半導體財報下修對台灣的影響,專家觀點,市場與政策,國際市場,2022-12-02,財經M平方、總經趨勢、半導體,
/life-proposal/interview-s-taoyuan-green20221111,小檜溪重劃後的美好：一位八旬里長，見證小檜溪社區環境的變遷,在地生活,區域環境,生活圈,2022-12-02,桃園市、重劃區、公園綠地,
/life-proposal/rent_high_20221126,租房好還是買房好？一次分析優缺點,購屋知識,不動產交易,簽約,2022-11-27,首購、自住、價格漲幅、房價、房租、升息,
/life-proposal/industrial_style_20221125,個性化居家設計-工業風三大重點,空間美學,居住與維護,裝潢設計,2022-11-25,建築風格、工業風、室內設計,
/life-proposal/civil-law_20221125,民法成年年齡下修至18歲，不動產稅賦有何影響？,購屋知識,稅務與繼承,稅務,2022-11-25,土地增值稅、地價稅、房地合一稅、稅賦、房屋稅,
/life-proposal/indicators_20221111,房價溫度計-房市指標有哪些?,購屋知識,市場與政策,房市趨勢,2022-11-18,房地產市場、六都交易量、區域成交量、買賣移轉棟數、不動產、房價,
/life-proposal/branding_20221111,選擇品牌建商，把購屋風險降到最低,購屋知識,建築與品牌,建商品牌,2022-11-11,建商、建商評價,
/life-proposal/loan_increase_20221108,資金有壓力？房貸增貸與房貸轉貸不可不知,購屋知識,不動產交易,保險,2022-11-08,房貸轉貸、房屋增貸、房貸,
/life-proposal/macroeconomics_20221108,房價溫度計-總經指標有哪些？,購屋知識,市場與政策,房市趨勢,2022-11-08,總經趨勢、房地產市場、價格漲幅,
/life-proposal/universal-design-home1-2022072,全齡通用宅打造友善居住環境：住家出入口篇(上篇),購屋知識,建築與品牌,建築規劃,2022-11-07,全齡宅,
/life-proposal/space_deco_us_20221028,美式風格全解析：從紙牌屋與白宮看歐洲殖民對新大陸居住影響,空間美學,居住與維護,裝潢設計,2022-11-03,傢俱、美式、室內設計,
/life-proposal/goodandbad_20221028,預售屋 v.s 成屋 v.s 中古屋的差異與優缺點,購屋知識,不動產交易,產權,2022-10-28,首購、換屋、房貸、預售屋、成屋、中古屋、貸款成數,
/life-proposal/borrow_name_20221118,房地產借名登記如何保障自己,購屋知識,不動產交易,產權,2022-10-28,不動產、借名登記、預告登記、產權登記、購屋重點,
/life-proposal/mortgage-insurance_20221021,我該買房貸壽險嗎？,購屋知識,不動產交易,保險,2022-10-24,房貸,
/life-proposal/presale_payment_20221021,預售屋付款方式詳解,購屋知識,不動產交易,簽約,2022-10-24,買屋流程、預售屋,
/life-proposal/expert-li-2022market-20221024,李同榮觀點：2024 房市多空混沌，預售市場何去何從？,專家觀點,市場與政策,房市趨勢,2022-10-24,李同榮、房地產市場、不動產,
/life-proposal/expert_macromicro_20221021,財經M平方觀點：聯準會持續鷹派，美國房市供需雙降,專家觀點,市場與政策,國際市場,2022-10-21,財經M平方、房地產市場、價格漲幅、價格、不動產、房產趨勢,
/life-proposal/performance_guarantee_20221914,買預售屋時，履約保證真的對你有保障嗎？,購屋知識,不動產交易,簽約,2022-10-18,買屋流程、預售屋,
/life-proposal/value_estimation_of_property_20221014,不動產估價管道有哪些？,購屋知識,不動產交易,簽約,2022-10-18,價格、實價登錄,
/life-proposal/small_property_20221007,小宅當道！入手小坪數產品注意事項,購屋知識,不動產交易,產權,2022-10-11,首購、住宅、公設比、建築規劃、小宅,
/life-proposal/pre-sale_order_20221007,預售屋紅單是什麼？,購屋知識,不動產交易,簽約,2022-10-11,住宅、買屋流程、預售屋,
/life-proposal/transcript_20221007,聰明買房不吃虧，謄本訊息知多少,購屋知識,不動產交易,產權,2022-10-11,首購、買屋流程,
/life-proposal/area-s-newtaipei-xinzhuangfuduxin_20220930,建案熱區巡禮：新北國都之門「新莊副都心」，產業聚落移居城市,在地生活,區域環境,區域發展,2022-09-30,新北市、新莊區、重劃區,
/life-proposal/expert_liu_commercial_property20220928,劉學龍觀點：升息循環下的商用不動產投資,專家觀點,商用不動產,市場與發展,2022-09-28,劉學龍、房地產市場、商廠辦、投報率、不動產、升息,
/life-proposal/area-l-newtaipei-zhonghe_20220923,建案熱區巡禮：中和翻轉！北台灣電子製造業最大產業聚落,在地生活,區域環境,區域發展,2022-09-27,新北市、中和區、商廠辦,
/life-proposal/exposed_concrete_20220914,一見傾心的清水模設計，為家注入文青魂和自然風,空間美學,居住與維護,裝潢設計,2022-09-14,建築設計、室內設計、現代日式,
/life-proposal/expert_macromicro20220909,財經M平方觀點：中國房市陷入惡性循環，三個對經濟的影響,專家觀點,市場與政策,國際市場,2022-09-13,財經M平方、房地產市場、總經趨勢、價格漲幅、政策、不動產、中國房市、房產趨勢,
/life-proposal/house_and_land_20220909,不動產節稅妙招：房地合一合法節稅,購屋知識,稅務與繼承,節稅,2022-09-12,房地合一稅、稅賦、節稅、不動產,
/life-proposal/estate_tax_20220909,不動產節稅妙招：財富傳承的遺產稅佈局,購屋知識,稅務與繼承,節稅,2022-09-12,稅賦、節稅、不動產、贈與稅,
/life-proposal/gift_tax_20220909,不動產節稅妙招：贈與稅節稅規劃及早做,購屋知識,稅務與繼承,節稅,2022-09-12,稅賦、節稅、不動產、遺產稅,
/life-proposal/design_living_room20220809,小家庭空間重點一次上手 – 客廳篇,購屋知識,居住與維護,裝潢設計,2022-09-07,客廳,
/life-proposal/tax_mitigation_land_20220902,不動產節稅妙招：自用住宅用地優惠稅率不可不知,購屋知識,稅務與繼承,節稅,2022-09-05,稅賦、節稅、不動產、土地增值稅、重購退稅、自用住宅、自住,
/life-proposal/tax_mitigation_housetax_20220902,不動產節稅妙招：每年都要繳的財產稅省很大,購屋知識,稅務與繼承,節稅,2022-09-05,稅賦、節稅、不動產、房屋稅、財產稅、地價稅,
/life-proposal/tax_mitigation_mortgage_interest_20220902,不動產節稅妙招：該扣就扣不浪費，房貸利息節稅四要件,購屋知識,稅務與繼承,節稅,2022-09-05,稅賦、節稅、不動產、所得稅、房貸、自住,
/life-proposal/youth_home_loan_20220830,青年安心成家購屋優惠貸款，有房不是夢,購屋知識,不動產交易,房貸,2022-08-30,,
/life-proposal/housing_allowance_20220826,2022住宅補貼申請條件與限制看過來,購屋知識,市場與政策,政策法規,2022-08-30,首購、政策,
/life-proposal/expert_macromicro20826826,財經M平方觀點：台灣房市量價背離，該如何判斷房市後市?,專家觀點,市場與政策,房市趨勢,2022-08-29,財經M平方、房地產市場,
/life-proposal/area-l-taichung-wuqi_20220826,建案熱區巡禮：台中梧棲區挾海空雙港優勢，成房市黑馬,在地生活,區域環境,區域發展,2022-08-16,台中市、梧棲區,
/life-proposal/area-s-kaohsiung-newbay_20220805,建案熱區巡禮：亞洲新灣區躋身高雄投資開發新亮點,在地生活,區域環境,區域發展,2022-08-16,高雄市,
/life-proposal/area-l-kaohsiung-qianzhen_20220805,建案熱區巡禮：高雄前鎮區產業升級新篇章,在地生活,區域環境,區域發展,2022-08-09,高雄市,
/life-proposal/expert_li_2022property_20220722,李同榮觀點：2022上半年房市總結「升息循環、疫情擴散、打房加重」與未來展望,專家觀點,市場與政策,房市趨勢,2022-07-27,李同榮、房地產市場、升息,
/life-proposal/2phase_construction_20221118,買房停看聽：二工住宅要注意,購屋知識,建築與品牌,建築規劃,2022-07-22,建商、建築規劃、二次施工、二工,
/life-proposal/universal-design-environment20220713,全齡通用宅打造友善居住環境：建築環境篇,購屋知識,建築與品牌,建築規劃,2022-07-22,全齡宅,
/life-proposal/universal-design-base20220713,全齡通用住宅打造友善居住環境：基地環境篇,購屋知識,建築與品牌,建築規劃,2022-07-22,全齡宅,
/life-proposal/expert_macromicro20220726,財經M平方觀點：去庫存壓力來襲，2 個訊號看製造業何時落底,專家觀點,市場與政策,國際市場,2022-07-22,財經M平方,
/life-proposal/universal-design-home2-20220722,全齡通用宅打造友善居住環境：住家出入口篇(下篇),購屋知識,建築與品牌,建築規劃,2022-07-22,全齡宅,
/life-proposal/universal-design-safety-20220722,全齡通用住宅打造友善居住環境：居家安心篇,購屋知識,建築與品牌,建築規劃,2022-07-22,全齡宅,
/life-proposal/gigahouse_art_20220712,談建築與社區藝術文化的結合,專家觀點,建築與品牌,建築規劃,2022-07-13,李同榮,
/life-proposal/actual_selling_price20220708,實價登錄真相大破解，一次看懂實價登錄不受騙,購屋知識,市場與政策,政策法規,2022-07-11,政策、實價登錄,
/life-proposal/rental_allowance20220707,房東們看過來！300億租金補貼重點看,購屋知識,市場與政策,政策法規,2022-07-08,政策,
/life-proposal/universal-design20220708,永續幸福家園，全齡通用宅設計規範與趨勢,購屋知識,建築與品牌,建築規劃,2022-07-08,全齡宅,
/life-proposal/natural_lighting20220708,室內採光不足怎麼辦？採光妙招報你知,購屋知識,居住與維護,裝潢設計,2022-07-08,,
/life-proposal/macromicro20220631,財經M平方觀點：俄烏衝突使通膨升溫，加速各大央行緊縮進程,專家觀點,市場與政策,國際市場,2022-07-01,財經M平方、房地產市場、價格,
/life-proposal/liu_industrial_property20220629,劉學龍觀點：產業擴張帶動台灣工業不動產熱潮,專家觀點,商用不動產,市場與發展,2022-06-30,劉學龍、房地產市場、商廠辦,
/life-proposal/area-s-tainan-dawan20220520,建案熱區巡禮：住在永康大灣好便利！唯一純住重劃區！,在地生活,區域環境,區域發展,2022-06-30,台南市重劃區永康區大灣重劃區,
/life-proposal/donated_property20220624,掌握贈與控制權，享受安心退休生活,購屋知識,稅務與繼承,稅務,2022-06-29,稅賦,
/life-proposal/hotel_property20220624,就愛這服務，飯店式住宅成趨勢,購屋知識,市場與政策,房市趨勢,2022-06-29,飯店宅、私人管家、住戶服務,
/life-proposal/load_type20220624,房貸好多種，一次搞懂房貸方案該選哪一種！,購屋知識,不動產交易,房貸,2022-06-29,房貸,
/life-proposal/air_condition20220617,冷氣清潔與保養全攻略：DIY七步驟維持涼爽,安心生活,居住與維護,修繕保養,2022-06-22,居家保養、居家清潔、冷氣清潔,
/life-proposal/renovation_loan20220617,房屋需要裝修卻沒資金怎麼辦？你知道裝潢貸款嗎？,購屋知識,不動產交易,房貸,2022-06-22,,
/life-proposal/parking_space20220615,停車位眉角多：車位怎麼選？一個車位可以停兩部車嗎？,購屋知識,建築與品牌,建築規劃,2022-06-22,,
/life-proposal/area-l-tainan-yongkang20200520,建案熱區巡禮：產業交通齊發光，永康宜居現在進行式！,在地生活,區域環境,區域發展,2022-06-21,台南市、安南區,
/life-proposal/annan-2,建案熱區巡禮：前進台南商業副都心-安南區一探究竟,在地生活,區域環境,區域發展,2022-06-20,台南市、安南區,
/life-proposal/area-l-tainan-annan20200520,建案熱區巡禮：前進台南商業副都心-安南一探究竟,在地生活,區域環境,區域發展,2022-06-20,台南市、永康區、住宅、價格漲幅,
/life-proposal/area-s-tainan-haidian20200520,建案熱區巡禮：安南市心花園 – 溪東重劃區,在地生活,區域環境,區域發展,2022-06-20,台南市、安南區、重劃區,
/life-proposal/area-s-kaohsiung-nstm20220520,建案熱區巡禮：科工館商圈環繞，北高雄發展潛力股,在地生活,區域環境,區域發展,2022-06-18,高雄市、科工館,
/life-proposal/area-s-tainan-yanxing20200520,建案熱區巡禮：鹽行重劃區擁地段優勢，成最佳潛力股,在地生活,區域環境,區域發展,2022-06-13,台南市、鹽行區、重劃區,
/life-proposal/area-l-tainan-yanxing20200520,建案熱區巡禮：台南鹽行重劃區擁地段優勢，成最佳潛力股,在地生活,區域環境,區域發展,2022-06-13,台南市、鹽行區、重劃區,
/life-proposal/gusha,建案熱區巡禮：鼓山豪宅黃金鐵三角，高雄指標蛋黃區,在地生活,區域環境,區域發展,2022-06-10,高雄市,
/life-proposal/adaoando-20200610,安藤忠雄：建築是凝固的旅行。在《挑戰—安藤忠雄展》的漫遊與停歇,空間美學,建築與品牌,建築規劃,2022-06-10,,
/life-proposal/kaohsiung-station-mecanoo20220610,高雄景點再+1 預計2023年完工的絕美綠建築【高雄新車站】,在地生活,區域環境,生活圈,2022-06-09,高雄市、建築地標,
/life-proposal/area-s-kaohsiung-farm1620200520,建案熱區巡禮：農十六指標豪宅生活區,在地生活,區域環境,生活圈,2022-06-09,高雄市,
/life-proposal/manual20220610,房子也有說明書，不動產說明書應記載事項你知道嗎？,購屋知識,不動產交易,簽約,2022-06-09,預售屋、成屋,
/life-proposal/handover202206010,交屋型態差在哪？ 標配屋、實品屋、毛胚屋比一比,購屋知識,建築與品牌,建築規劃,2022-06-09,,
/life-proposal/unwanted20220610,買房停看聽：嫌惡設施有哪些？,購屋知識,區域環境,生活圈,2022-06-09,,
/life-proposal/kaohsiung-artplan-20220610,「高雄大美術館計畫」的誕生：內惟藝術中心絕美新地標,在地生活,區域環境,生活圈,2022-06-07,高雄市,
/life-proposal/urbanrenewal20220603,我家有機會都更嗎？一篇文章看懂,安心生活,區域環境,土地分區,2022-06-03,危老重建、老屋改建、都市計畫、都市更新,
/life-proposal/home_insurance20220602,你的房子保險了嗎？一次搞懂住宅火險與地震險,購屋知識,不動產交易,保險,2022-06-02,火險、地震險,
/life-proposal/dragonfestival,端午節轉運好時機！居家風水就靠這３招改運趁現在,空間美學,居住與維護,修繕保養,2022-06-01,,端午節轉運、端午節天氣熱五毒醒不安寧、端午節風水、端午節行房、午時水用途
/life-proposal/library-taichung20220603,全台首座美術館+圖書館共構的世界級地標「台中綠美圖」,在地生活,區域環境,生活圈,2022-06-01,台中市、建築地標,
/life-proposal/macromicro20220601,財經M平方觀點：通膨促使各大央行升息，台灣房市未來展望,專家觀點,市場與政策,房市趨勢,2022-06-01,財經M平方、政策、打房、升息,
/life-proposal/area-l-taipei-beitou20220520,建案熱區巡禮：在北投享受適居生活、溫泉慢活”心”價值,在地生活,區域環境,區域發展,2022-05-28,台北市、士林區、北投區、北投士林科技園區、北士科,
/life-proposal/area-l-kaohsiung-sanmin20220520,建案熱區巡禮：高雄三民區老市心新重劃，首購換屋都適宜,在地生活,區域環境,區域發展,2022-05-28,高雄市,
/life-proposal/pet20220603,養寵物的家該長什麼樣？與貓貓狗狗共融3大重點設計,空間美學,建築與品牌,建築規劃,2022-05-27,室內設計,
/life-proposal/pet,打造與「毛小孩」的舒適居家空間！寵物宅3大重點設計,空間美學,居住與維護,裝潢設計,2022-05-27,室內設計,
/life-proposal/land_-public_utilities,社區營運兩三事：公設點交不求人,購屋知識,居住與維護,社區管理,2022-05-26,社區管理、公設點交,
/life-proposal/land_rules,社區營運兩三事：各項管理辦法看過來,購屋知識,居住與維護,社區管理,2022-05-26,社區管理、管委會,
/life-proposal/land_fund,社區營運兩三事：管理費與公共基金,購屋知識,居住與維護,社區管理,2022-05-26,社區管理、公共基金、管理費,管理基金是甚麼、社區公共基金、管理基金、管理費公共基金、公共基金
/life-proposal/area-l-taipei-shilin20220520,建案熱區巡禮：台北士林不僅觀光，居住生活品質也很優,在地生活,區域環境,區域發展,2022-05-20,台北市、士林區、北投區、北投士林科技園區、北士科、生活機能,
/life-proposal/area-s-taoyuan-green20220520,建案熱區巡禮：小檜溪(青溪特區)舊商圈+眾多綠地的宜人生活,在地生活,區域環境,區域發展,2022-05-20,桃園市、桃園區、小檜溪、青溪特區,
/life-proposal/area-l-taichung-xitun20220520,建案熱區巡禮：台中西屯區，美食、藝文、交通樣樣好,在地生活,區域環境,區域發展,2022-05-20,台中市、西屯區,
/life-proposal/area-l-taoyuan-taoyuan20220520,建案熱區巡禮：移居桃園市桃園區，比想像中更舒適,在地生活,區域環境,區域發展,2022-05-20,桃園市,
/life-proposal/area-s-taipei-shilinbstp20220520,建案熱區巡禮：北士科來了！科技廊道最後一塊拼圖將完整,在地生活,區域環境,區域發展,2022-05-20,士林區、北投區、北投士林科技園區、北士科、生活機能、科技業,
/life-proposal/area-s-taichung-7th20220520,建案熱區巡禮：住台中七期，邁向身心都富足生活,在地生活,區域環境,區域發展,2022-05-20,台中市、西屯區、南屯區、七期,
/life-proposal/area-l-taoyuan-zhongli20220520,建案熱區巡禮：中壢人都說自己不算桃園人？自成一格的幸福日常,在地生活,區域環境,區域發展,2022-05-20,桃園市,
/life-proposal/area-s-taichung-14th20220520,建案熱區巡禮：蓄勢待發的台中14期美和庄市地重劃區,在地生活,區域環境,區域發展,2022-05-20,台中市、北屯區、西屯區、十四期、重劃區,
/life-proposal/land_handover,買房大小事：交屋到入住前不可不知,購屋知識,不動產交易,驗交屋,2022-04-22,交屋流程,
/life-proposal/cubicle,修繕小知識：居家隔間保養及修繕【居家百科】,安心生活,居住與維護,修繕保養,2022-04-22,室內設計,
/life-proposal/stone-fix,修繕小知識：家中石材泛黃、有裂痕怎麼救？【居家百科】,安心生活,居住與維護,修繕保養,2022-04-21,建材,
/life-proposal/glass-fix,居家玻璃保養：擦玻璃、修繕與防自爆技巧,安心生活,居住與維護,修繕保養,2022-04-21,保固、建材、居家清潔、玻璃清潔、滲漏修繕,
/life-proposal/aluminumandiron,鐵鋁窗損毀要整組換掉嗎？修繕小知識：鐵鋁工程篇【居家百科】,安心生活,居住與維護,修繕保養,2022-04-21,建材,
/life-proposal/woodfix,木地板刮傷怎麼辦？修繕小知識：木作工程篇【居家百科】,購屋知識,居住與維護,修繕保養,2022-04-20,,
/life-proposal/fixbathroom,修繕小知識：自己的浴室自己修！水龍頭、馬桶故障簡易排除法【居家百科】,安心生活,居住與維護,修繕保養,2022-04-19,浴室、臥室,馬桶進水龍頭漏水、洗臉盆排水管漏水、馬桶故障、三角凡爾漏水、三角凡爾調整
/life-proposal/life-proposal/trip,突然跳電怎麼辦？六步驟輕鬆排查【居家安全指南】,安心生活,居住與維護,修繕保養,2022-04-19,居家保養,跳電、跳電會自己恢復嗎、跳電怎麼辦、跳電原因、突然跳電
/life-proposal/decorate,屋內裝修不可不知!注意事項懶人包【居家百科】,安心生活,居住與維護,裝潢設計,2022-04-15,,
/life-proposal/land_documents,買房大小事：銀行貸款對保必備文件,購屋知識,不動產交易,房貸,2022-04-15,房貸,
/life-proposal/bathroom,衛浴日常清潔保養技巧：延長設備壽命的必備指南【居家百科】,安心生活,居住與維護,修繕保養,2022-04-15,居家保養,
/life-proposal/faucet-waterknowledge,水龍頭不給力？給水供水問題快速解法【居家百科】,安心生活,居住與維護,修繕保養,2022-04-15,,
/life-proposal/electrical-safety,守護居家用電安全，一項一項打勾確認才安心【居家百科】,安心生活,居住與維護,修繕保養,2022-04-15,居家保養,
/life-proposal/light,超實用的日常「燈具保養清潔」【居家百科】,安心生活,居住與維護,修繕保養,2022-04-15,居家保養,
/life-proposal/daily-clean,不用等大掃除「日常的居家保養」現在就開始！【居家百科】,安心生活,居住與維護,修繕保養,2022-04-15,居家保養,
/life-proposal/kitchen,廚房清潔保養全攻略：抽油煙機、檯面到瓦斯爐一次搞定【居家百科】,安心生活,居住與維護,修繕保養,2022-04-15,居家保養、廚房,
/life-proposal/land_property_rights,買房大小事：如何辦理產權移轉？,購屋知識,不動產交易,產權,2022-04-15,,
/life-proposal/land_handover_check,買房大小事：交屋眉角看仔細,購屋知識,不動產交易,驗交屋,2022-04-15,驗屋流程、交屋流程,交屋前裝潢、交屋後裝潢、公寓大廈管理條例第57條、交屋到入住、管委會成立前管理費
/life-proposal/land_household_registration,買房大小事：戶籍遷入如何辦理？,購屋知識,不動產交易,產權,2022-04-15,自住,買房遷戶口、新家遷戶口要帶甚麼、遷戶口到新家、買房遷戶籍、買新房遷戶口
/life-proposal/land_corporation,買房大小事：法人住宅購屋貸款注意事項,購屋知識,不動產交易,房貸,2022-04-15,房貸,
/life-proposal/land_bank_loan,買房大小事：個人住宅購屋貸款注意事項,購屋知識,不動產交易,房貸,2022-04-15,房貸,
/life-proposal/land_load_qa,買房大小事：購屋貸款Q&A一次解析,購屋知識,不動產交易,房貸,2022-04-15,房貸,
/life-proposal/retirement,迎戰退休生活，退休宅友善設計怎麼做才完整？,購屋知識,居住與維護,裝潢設計,2022-04-10,退休、全齡宅,
/life-proposal/waterleaking,修繕小知識：家裡漏水問題怎麼解？【居家百科】,安心生活,居住與維護,修繕保養,2022-04-10,,
/life-proposal/firstbuy-2021hotpod,首購最愛買這裡！盤點「第一間房」的交易熱區,購屋知識,市場與政策,房市趨勢,2022-04-08,買賣移轉棟數、實價登錄,
/life-proposal/pritzkerarchitectureprize2022,2022 建築界諾貝爾獎公布！用建築賦予人類的「幸福感」,在地生活,建築與品牌,建築規劃,2022-04-08,建築設計,
/life-proposal/contract,新成屋、預售屋簽約注意事項–「首購族看房買屋攻略」,購屋知識,不動產交易,簽約,2022-04-01,權狀、免稅額、土地使用分區、買屋流程、簽約、平均地權條例、預售屋、成屋、保固,買預售屋注意事項、預售屋簽約注意事項、預售屋注意事項、新成屋簽約注意事項、簽約注意事項
/life-proposal/ping,「權狀坪數」與「室內坪數」分不清？ –「首購族看房買屋攻略」,購屋知識,建築與品牌,建築規劃,2022-04-01,預售屋、成屋、陽台、附屬建物、主建物面積、法定停車位、增設停車位、獎勵停車位、自住、買屋流程,權狀坪數、主建物坪數、權狀主建、室內坪數、權狀坪數實際坪數
/life-proposal/office,廠辦的4個重要趨勢，超人性工作場域,空間美學,建築與品牌,建築規劃,2022-04-01,,
/life-proposal/house4-voice,打造健康住宅！隔音的重要性？噪音管制標準是？,安心生活,建築與品牌,建築規劃,2022-03-30,,
/life-proposal/earthquake-taylor,地震來的時候你家安全嗎? 一次搞懂制震器,安心生活,建築與品牌,建築規劃,2022-03-25,結構工法、制震、建築工法,
/life-proposal/land_zoning,一次看懂「都市土地分區」差在哪？,購屋知識,區域環境,土地分區,2022-03-25,建築規劃、都市計畫、土地使用分區,土地使用分區、都市土地使用分區類別、土地分區、土地使用分區類別、土地分類
/life-proposal/concrete,混凝土、鋼筋的嚴格把關！一次了解建築的基礎原料,安心生活,建築與品牌,結構與施工,2022-03-25,制震建築、建材、結構工法,
/life-proposal/gift_tax,贈與稅與遺產稅免稅額提高，移轉房屋給子女應如何規劃?,購屋知識,稅務與繼承,稅務,2022-03-25,贈與稅、一生一次、一生一屋、免稅額、稅賦、遺產稅,房屋贈與稅免稅額、房屋贈與稅、房屋贈與稅2022、遺產稅免稅額房屋、房屋贈與
/life-proposal/healthy-house3-poison,打造健康住宅！如何防止居家環境的有害物質,安心生活,建築與品牌,建築規劃,2022-03-23,,
/life-proposal/house_and_land,換屋族看過來，房地合一稅與土增稅要點筆記！,購屋知識,稅務與繼承,稅務,2022-03-18,換屋、政策、稅賦、土地公告現值、打房、土地增值稅、房地合一稅、自用住宅,換屋退稅、以屋換屋稅金、換屋稅、換房稅、換屋房地合一
/life-proposal/healthy-house2water,打造健康住宅！水質檢測標準有哪些,安心生活,建築與品牌,建築規劃,2022-03-18,防疫建築、全齡宅,
/life-proposal/culture,逐文化而居住！全台「藝文中心」房市一覽表,安心生活,區域環境,區域發展,2022-03-18,遠雄純寓、遠雄明水漾、遠雄琢蘊、投資、台北市、新北市、台中市、高雄市、遠雄九五,
/life-proposal/covid-exhaust,防疫宅標準配備，居家隔離有「當層排氣」最重要,安心生活,建築與品牌,建築規劃,2022-03-18,,
/life-proposal/superficial_rights,地上權建物可以買嗎？優缺點一次看,購屋知識,區域環境,土地分區,2022-03-10,政策、房貸、自住、住宅,地上權、地上權缺點、地上權建案、地上權建案優缺點、地上權住宅
/life-proposal/construction-base,基礎建設＋結構保固：一次了解大地工程的基本概念,安心生活,建築與品牌,結構與施工,2022-03-10,制震、筏式基礎、基礎結構、保固、建材、結構工法,大地工程、大地建設、打地基工法、地下室工法、地下室擋土牆
/life-proposal/healthy-house1,打造健康住宅！陽光、空氣、水都非常重要,安心生活,建築與品牌,建築規劃,2022-03-10,建築規劃,
/life-proposal/interest_rate,買房族看過來：央行升息還能買房嗎？,購屋知識,市場與政策,政策法規,2022-03-10,升息、首購、自住、投資、置產、政策、稅賦、價格、房貸、打房,
/life-proposal/firesafety,防火保命大原則：符合消防法規、懂火場逃生,安心生活,居住與維護,修繕保養,2022-03-08,自住、住宅、透天、公寓、華廈、大樓,
/life-proposal/reconstruction,危老重建是甚麼？我能申請嗎？,購屋知識,市場與政策,政策法規,2022-03-04,政策、稅賦、中古屋,危老重建、危老重建心得、危老、危老重建獎勵、高雄老屋翻新補助2022
/life-proposal/tax_relief,迎接五月繳稅季：節省房屋稅看過來！,購屋知識,稅務與繼承,稅務,2022-03-04,自住、稅賦,繳稅季、五月繳稅、五月稅金、房屋稅、房屋稅減免
/life-proposal/real-estate-tax,疫情下的房市動向：房價走勢緩步上揚,購屋知識,市場與政策,房市趨勢,2022-03-03,,
/life-proposal/intelligentbuilding,「智慧住宅」的誕生！家變聰明生活更好,安心生活,建築與品牌,建築規劃,2022-03-02,住宅、智慧建築,智慧住宅、智慧住宅定義、智慧住宅設計、2022房地產趨勢
/life-proposal/allagehouse,全齡住宅趨勢，0~100歲都適用,安心生活,建築與品牌,建築規劃,2022-03-02,全齡宅,
/life-proposal/change_house,換屋族必看：換屋是要先買後賣還是先賣後買？,購屋知識,不動產交易,簽約,2022-02-25,換屋、自住、土地增值稅、重購退稅,
/life-proposal/greenbuilding2020-design,「綠建築」的現在進行式，就在2022室內設計3大趨勢,安心生活,建築與品牌,ESG與綠建築,2022-02-25,高雄厝綠建築、遠雄琢蘊、住宅、綠覆率、綠建築,綠建築、2022室內設計趨勢、綠建築設計、高雄厝
/life-proposal/reverse_mortgage,超高齡台灣，誰適合「以房養老」?,購屋知識,市場與政策,政策法規,2022-02-25,退休、房貸,
/life-proposal/build_rate,蓋好蓋滿還是適度留白？一次搞懂建蔽率與容積率,購屋知識,區域環境,基地條件,2022-02-25,容積率、基地規劃、建蔽率,建蔽率、住三可以蓋幾樓、建蔽率越高越好嗎、商四特容積率、商二特容積率
/life-proposal/fsc-thirdhouse-100,打房再出招！金管會第三戶房貸風險權數變100%,購屋知識,市場與政策,政策法規,2022-02-23,投資、房貸、置產、政策、房地產市場,
/life-proposal/dehumidifier,降低室內濕度怎麼做？除濕機真的有用嗎？,安心生活,居住與維護,修繕保養,2022-02-23,自住、住宅、除溼、防潮,如何降低室內溼度、降低濕度、如何降低濕度、室內溼度、降低房間濕度
/life-proposal/prevention1,落實居家防災＋防疫！快速檢視居家安全,安心生活,居住與維護,修繕保養,2022-02-18,住宅、透天、公寓、華廈、大樓、防疫建築,
/life-proposal/xinzhuang,好想搬去新北住！新莊副都心生活圈，一步抵達頂級人生,在地生活,區域環境,區域發展,2022-02-18,交通機能、明星學區、就業機會、公園綠地、基地規劃、住宅、實品屋、景觀視野、遠雄九五、新北市、生活機能,新莊副都心、副都心、新莊副都心未來發展、新莊發展、新莊副都心重劃區
/life-proposal/shuinan,建案熱區巡禮：台中水湳經貿區，新世代亮點發展區,在地生活,區域環境,區域發展,2022-02-18,台中市、西屯區、水湳經貿園區、生活機能、交通機能、公園綠地、遠雄純寓、住宅,水湳經貿園區、水湳、水湳經貿、台中水湳、台中經貿園區
/life-proposal/house_tax,囤房稅不可不知！多屋族看過來,購屋知識,稅務與繼承,稅務,2022-02-18,投資政策、稅賦、打房、囤房稅,
/life-proposal/taxes,買房時到底有那些稅金要繳？–「首購族看房買屋攻略」,購屋知識,稅務與繼承,稅務,2022-02-18,首購、稅賦、買屋流程,新成屋房屋稅、買房稅金、新成屋契稅多少、買房房屋稅、買房稅金
/life-proposal/soundproofing,住宅隔音規劃有哪些？許我一個清淨空間,購屋知識,居住與維護,裝潢設計,2022-02-18,隔音,
/life-proposal/true_price,秒懂實價登錄–「首購族看房買屋攻略」,購屋知識,市場與政策,政策法規,2022-02-11,買屋流程,
/life-proposal/high_floor,樓層怎麼選？–「首購族看房買屋攻略」,購屋知識,區域環境,基地條件,2022-02-11,首購、買屋流程,預售屋樓層選擇、樓層選擇、買房樓層、大樓樓層選擇、大樓4樓優缺點
/life-proposal/floor_height,樓高的隱藏秘密：樓層高度怎麼看？,購屋知識,區域環境,基地條件,2022-02-11,住宅、大樓、樓高、樓層高,樓高、樓層高度、樓板高度、樓地板高度、一層樓高度
/life-proposal/qingpu,建案熱區巡禮：桃園青埔大翻身！視野廣闊心也寬裕的首選住所,在地生活,區域環境,區域發展,2022-02-10,桃園市、重劃區、生活機能、交通機能、公園綠地、基地規劃,青埔生活機能、青埔生活、遠雄青埔、青埔蛋黃區、青埔心建案2022
/life-proposal/earthquake,地震來的時候你家安全嗎? 一次搞懂抗震建築,安心生活,建築與品牌,結構與施工,2022-02-08,鋼筋工程、施工品質、建築工法、建築工程、結構工法、制震、基礎結構,
/life-proposal/h101b,【遠雄豐河】我家門前有小河，快樂入住新北中和,在地生活,區域環境,區域發展,2022-01-27,,
/life-proposal/building_materials,買房學問多，看懂建築材料才安心－建築結構與防水篇,購屋知識,建築與品牌,結構與施工,2022-01-25,自住、結構工法、鋼筋工程、混凝土工程、施工品質、結構材料、裝飾材料、專用材料,
/life-proposal/goodluck,首購族看房買屋攻略：新屋居家風水擺設、格局禁忌一次看,購屋知識,居住與維護,裝潢設計,2022-01-14,,
/life-proposal/ratio_of_public_area,秒懂公設定義與公設比計算,購屋知識,建築與品牌,建築規劃,2022-01-14,停車位、買屋流程、公設比、附屬建物,公設比法規、公設比法規2022、公設比、公設公設比法規2021
/life-proposal/mortgage,買房頭期款不夠怎麼辦？,購屋知識,建築與品牌,建築規劃,2022-01-14,成屋、不動產、購屋重點、住宅、重劃區、預售屋,買房頭期款、頭期款、房子頭期款、買房子頭期款、2021買房子沒有頭期款
/life-proposal/2021-10,2021十大建商出爐！購屋前必知的建商評價,專家觀點,市場與政策,房市趨勢,2022-01-14,政策、建商、建商評價、打房,建商評價、十大優良建商、台中建商排名2021、豐邑建設評價2021、豐邑建設評價
/life-proposal/architectural_planning,首購族看房買屋攻略：棟距與社區規劃好不好，住起來差很大！,購屋知識,建築與品牌,建築規劃,2021-12-17,自住、住宅,
/life-proposal/13856,建商評價很重要！三招教你如何挑選好建商？,購屋知識,建築與品牌,建商品牌,2021-12-03,首購、換屋、政策、建商評價、保固年限、打房,建商評價、建商評價排名、建商評價查詢、建商售後服務、建商防水保固
/life-proposal/natural-design,遠雄與蘇喻哲建築師聯手打造高雄科工館「綠帶生活區」,空間美學,建築與品牌,建築規劃,2021-09-30,遠雄琢蘊、高雄市、公園綠地、綠覆率、公園宅、建築地標、科工館,
/life-proposal/shutters-home-design,裝潢風格「輕美式」打造首購族小資女、小家庭舒壓輕鬆宅,空間美學,居住與維護,裝潢設計,2021-09-15,(11)設計風格類型、美式、室內設計,
/life-proposal/taichung-gateway,台中新建案區位分析：水湳經貿園區值得關注，台中七期豪宅仍當道   (無專家),在地生活,區域環境,區域發展,2021-09-05,台中市、西屯區、南屯區、七期、水湳經貿園區,水湳建案、水湳經貿園區建案、水湳預售屋、水湳經貿園區預售屋、水湳新建案
/life-proposal/home-inspection,驗屋與交屋必知注意事項？新手購屋必看，驗屋清單檢查表與交屋流程有哪些？,購屋知識,不動產交易,驗交屋,2021-08-20,驗屋流程、機電排水、浴廁設施、廚房設備、檢查表,驗屋、交屋注意事項、驗屋清單、驗屋注意事項、交屋
/life-proposal/kaohsiung-greenspace,【高雄宜居城市】綠地水岸公共空間、米其林餐廳星光閃耀,專家觀點,區域環境,生活圈,2021-08-17,自住、高雄市、生活機能、公園綠地,
/life-proposal/tsuta-house,台灣蔦屋的空間價值革命，在遠雄實踐地方創生價值,空間美學,居住與維護,裝潢設計,2021-08-17,,橋本龍之介、台灣蔦屋、蔦屋建案、風格是一種商機、蔦屋
/life-proposal/luxury-house-design,豪宅設計彰顯主人榮耀！從豪宅玄關、客餐廳、臥房設計，一窺主人身份地位與個性品味,空間美學,居住與維護,裝潢設計,2021-08-16,自住,豪宅玄關設計、豪宅玄關、豪宅主臥室設計、豪宅客廳、豪宅餐廳設計
/life-proposal/zhonghe-river,中和河岸景觀住宅，享受視野無價,空間美學,區域環境,區域發展,2021-08-06,新北市、重劃區、交通機能、公園綠地、水岸宅,中和遠雄左岸、遠雄左岸、中和左岸、遠雄河岸、中和左岸建案
/life-proposal/house-layout,房屋格局圖/平面圖怎麼看？建案平面圖符號教學，讓你秒懂房屋格局避地雷,購屋知識,不動產交易,驗交屋,2021-08-06,首購、自住、平面圖、傢配圖,格局圖、平面圖、房屋平面圖、平面圖符號、房子平面圖
/life-proposal/home-loan,【青年購屋貸款分享】提高房貸申請審核過件率的4個方法,購屋知識,不動產交易,房貸,2021-08-06,首購、房貸,青年購屋貸款分享、房貸好貸嗎、青年購屋貸款分享、房貸下不來、房貸過件率
/life-proposal/taichung-attractions,中科海線生活圈：高美濕地、台中清水國小(牛罵頭)、清水眷村文化園區、台中港特區,在地生活,區域環境,生活圈,2021-08-06,,
/life-proposal/5g-aiot,國內投資最大「亞灣5G AIoT創新園區」 驅動亞灣區躍昇發展,購屋知識,區域環境,區域發展,2021-08-05,THE ONE,
/life-proposal/great-southern-project,點亮高雄未來！大南方計劃大勢崛起 亞灣區擁絕對高度,購屋知識,區域環境,區域發展,2021-08-05,THE ONE,
此表為官網文章清單（您提供），一篇文章一列；links 分頁用「官網連結」欄位查表帶出大分類/中分類。新增文章時在這張表補一列即可，不用動 links 公式。,,,,,,,
/life-proposal/area_fm3_ai-tech-park-banqiao,AI浪潮點火，新板TPARK廠辦價值加速升溫,在地生活,區域環境,區域發展,2026-03-11,,
