date,report_type,seq,email_name,sent,delivered,hard_bounced,soft_bounced,opened,clicked_email,unsubscribed,first_activity,last_activity,pct_delivered,pct_opened,pct_clicked,click_to_open_ratio,pct_unsubscribed
2026-01-09,主題報,01b,20260109-01b主題報-揭密「高薪族群」選房 3 準則.揭密「高薪族群」選房 3 準則,199630,191810,508,7312,24334,452,73,"Jan 6, 2026 1:33 PM","Sep 29, 2026 10:06 AM",0.960828,0.126865,0.002356,0.018575,0.000381
2026-01-23,好友報,01a,20260123-01a-銀行不會主動告訴你的秘密.20260123-01a-買房必看！銀行不說的抵押權與順位真相,199282,191670,385,7227,17391,173,47,"Jan 20, 2026 1:02 PM","Sep 19, 2026 9:41 PM",0.961803,0.090734,0.000903,0.009948,0.000245
2026-02-06,主題報,01b,20260206-01b主題報-解密「百貨帶動房價」的殘酷現實：入場券還有幾張？.入場券還有幾張？,199149,191313,432,7404,22747,185,59,"Feb 4, 2026 2:17 PM","Sep 29, 2026 10:23 PM",0.960653,0.118899,0.000967,0.008133,0.000308
2026-02-20,好友報,01a,20260220-01a-2026年預售市場一針見血的銷售與購買策略.20260220-01a-2026年預售市場一針見血的銷售與購買策略,198955,191391,405,7159,23674,289,66,"Feb 12, 2026 1:14 PM","Sep 19, 2026 9:12 AM",0.961981,0.123694,0.00151,0.012207,0.000345
2026-03-06,主題報,01b,20260306-01b主題報-同樣預算，為什麼聰明人都選這區住.同樣預算，為什麼聰明人都選這區住,198777,192646,377,5753,23492,227,74,"Mar 5, 2026 12:46 PM","Sep 29, 2026 10:27 PM",0.969156,0.121944,0.001178,0.009663,0.000384
2026-03-20,好友報,01a,20260320-01a-2026 台灣經濟展望：AI 產業動能、台股趨勢與台幣匯率走勢分析.2026 台灣經濟展望,198631,192488,414,5728,23570,160,66,"Mar 20, 2026 11:23 AM","Sep 29, 2026 10:25 PM",0.969073,0.122449,0.000831,0.006788,0.000343
2026-04-03,主題報,01b,20260403-01b主題報-買房到賣房的稅務全清單.買房到賣房的稅務全清單：別讓辛苦錢在「這 6 關」流失！,198442,192155,377,5905,18698,271,134,"Apr 1, 2026 11:15 AM","Sep 29, 2026 4:00 PM",0.968318,0.097307,0.00141,0.014494,0.000697
2026-04-17,好友報,01a,20260417-01a-明明是贈與卻變遺產？小心這條法規讓你的節稅計畫大翻車.2026遺贈稅修法,198241,191927,363,5945,18530,224,99,"Apr 17, 2026 3:37 PM","Sep 28, 2026 9:43 AM",0.96815,0.096547,0.001167,0.012089,0.000516
2026-05-08,主題報,01b,20260508-01b主題報-台中台南高雄房市戰報.2026台中台南高雄房市戰報,198079,191673,511,5895,18730,268,77,"May 4, 2026 10:35 AM","Sep 29, 2026 11:55 PM",0.967659,0.097719,0.001398,0.014309,0.000402
2026-05-22,好友報,01a,20260522-01a-2026房市觀測：住宅盤整量縮，Nvidia星艦效應點燃商辦.2026房市觀測：住宅盤整量縮，Nvidia星艦效應點燃商辦,197874,191440,490,5944,18406,172,77,"May 20, 2026 2:14 PM","Sep 29, 2026 10:15 PM",0.967484,0.096145,0.000898,0.009345,0.000402
2026-06-05,主題報,01b,20260605-01b主題報-預售屋簽約避雷手冊.預售屋簽約避雷手冊：6 個沒看清會賠錢的合約地雷,197560,191091,464,6005,24814,318,72,"Jun 5, 2026 4:35 PM","Sep 29, 2026 10:38 PM",0.967256,0.129854,0.001664,0.012815,0.000377
2026-06-19,好友報,01a,20260619-01a-夫妻買房登記誰名下？持有風險解析.夫妻合資買房登記誰名下？別讓你的出資，在法律上變「送他的禮物」！,197384,190742,576,6066,11958,277,60,"Jun 11, 2026 5:02 PM","Sep 29, 2026 8:17 PM",0.96635,0.062692,0.001452,0.023164,0.000315
2026-07-03,主題報,01b,20260703-01b主題報-如何把錢安全留給另一半？.如何把錢安全留給另一半？避開分家與巨額稅單的關鍵規劃！,197339,190650,666,6023,24593,216,97,"Jul 3, 2026 4:30 PM","Sep 29, 2026 10:52 PM",0.966104,0.128996,0.001133,0.008783,0.000509
2026-07-17,好友報,01a,20260717-01a-空屋率越高房價越跌？揭開台灣房市「愈空愈貴」的暗黑邏輯.空屋率越高房價越跌？,197220,190438,723,6059,23952,262,84,"Jul 13, 2026 4:20 PM","Sep 29, 2026 11:00 PM",0.965612,0.125773,0.001376,0.010939,0.000441
2026-08-07,主題報,01b,20260807-01b-交屋全攻略：從產權防護、驗屋清單到屋型挑選的安心入住指南.交屋全攻略,196671,190258,392,6021,23969,185,71,"Aug 3, 2026 11:44 AM","Sep 30, 2026 1:15 AM",0.967392,0.125982,0.000972,0.007718,0.000373
2026-08-21,好友報,01b,20260821-01b-股房雙循環輪動，AI資產配置的新契機.股房雙循環輪動，AI資產配置的新契機,196450,190046,389,6015,23525,168,70,"Aug 17, 2026 11:30 AM","Sep 29, 2026 11:35 PM",0.967401,0.123786,0.000884,0.007141,0.000368
2026-09-04,主題報,01b,20260904-01b-買房最容易忽略的 6 個交易地雷，你踩過幾個？.買房最容易忽略的 6 個交易地雷，你踩過幾個？,196275,189678,389,6208,15632,178,49,"Aug 21, 2026 2:02 PM","Sep 22, 2026 6:47 PM",0.966389,0.082413,0.000938,0.011387,0.000258
2026-09-18,好友報,01b,20260918-01b-鄰居製造噪音、菸味擾人怎麼辦？.鄰居製造噪音、菸味擾人怎麼辦？,196088,189508,480,6100,15775,189,37,"Sep 18, 2026 4:00 PM","Sep 29, 2026 6:45 PM",0.966444,0.083242,0.000997,0.011981,0.000195
